customer_id,age,gender,region,education_level,employment_type,annual_income,join_date,default_flag,transaction_id,loan_amount,loan_purpose,credit_score,repayment_months,transaction_count,product_id,interest_rate_x,product_name,category,interest_rate_y,stock,join_year,join_month,join_day,join_weekday,education_level_encoded,gender_encoded,income_category,good_credit,transaction_bin,income_standard,income_minmax,loan_maxabs,income_robust,spending_ratio,spending_log,spending_reciprocal,spending_sqrt,loan_yeojohnson,debt_to_income_ratio,months_since_join,average_monthly_transactions,spending_to_income_ratio
1001,56.0,Male,East,Graduate,Salaried,700079.72,2023-08-24,1.0,TXN10001,323353.63,Education,599.34,24.0,42.0,P004,7.14,Education Loan,Education Loan,9.25,600.0,2023,8,24,Thursday,1.0,1,,0,2.0,-0.19367610974721347,0.04642022953586498,0.021556908666666666,0.0,46.18811554775505,3.8541420716447985,0.0211917765393277,6.796183895963605,-0.3338875923851779,0.4618811554775505,36.766666666666666,1.14233907524932,0.4618811554775505
1002,46.0,Female,West,Graduate,Salaried,8000000.0,2019-01-08,0.0,TXN10002,418026.74,Home,828.53,24.0,51.0,P003,14.89,Home Loan,Home Loan,8.5,500.0,2019,1,8,Tuesday,1.0,0,Very High,1,3.0,7.958146713795665,0.6624472573839664,0.027868449333333333,15.345974097394604,5.22533425,1.8286271356883748,0.16063394507692497,2.285899002580823,0.001236227492242669,0.0522533425,93.06666666666666,0.5479942693409743,0.0522533425
1003,32.0,Male,West,Secondary,Salaried,1444464.04,2024-03-22,0.0,TXN10003,1093767.41,Education,759.24,24.0,12.0,P004,18.03,Education Loan,Education Loan,9.25,600.0,2024,3,22,Friday,0.0,1,Very High,1,0.0,0.6375780487246988,0.10923747172995782,0.07291782733333332,1.5648530470289872,75.72133190660807,4.340179791042425,0.013034184563131511,8.70180049797788,1.1857226249512,0.7572133190660807,29.733333333333334,0.40358744394618834,0.7572133190660807
1004,60.0,Female,West,Post-Graduate,Self-Employed,655988.1,2021-01-01,0.0,TXN10004,199624.29,Home,659.89,48.0,56.0,P003,11.91,Home Loan,Home Loan,8.5,500.0,2021,1,1,Friday,2.0,0,Medium,0,3.0,-0.2429132329563151,0.04269941772151899,0.013308286,-0.09268989694119863,30.431084039481814,3.447797340812265,0.0318156382625512,5.51643762218715,-0.9860053549426417,0.30431084039481815,68.93333333333334,0.8123791102514506,0.30431084039481815
1005,25.0,Female,North,Graduate,Salaried,700079.72,2025-01-02,0.0,TXN10005,218271.28,Business,776.53,12.0,16.0,P005,19.96,Business Loan,Business Loan,11.75,400.0,2025,1,2,Thursday,1.0,0,,1,1.0,-0.19367610974721347,0.04642022953586498,0.014551418666666666,0.0,31.178060692859376,3.471284875387154,0.03107707482887276,5.583731789122699,-0.8629813245037482,0.3117806069285938,20.2,0.7920792079207921,0.3117806069285938
1006,38.0,Male,South,Graduate,Self-Employed,501086.25,2019-08-26,1.0,TXN10006,418026.74,Education,585.97,24.0,41.0,P004,16.03,Education Loan,Education Loan,9.25,600.0,2019,8,26,Monday,1.0,1,Low,0,2.0,-0.41589216804120827,0.029627531645569624,0.027868449333333333,-0.4183262993346922,83.42410912293043,4.435853013926118,0.01184495768316482,9.13367993324325,0.001236227492242669,0.8342410912293043,85.4,0.48009367681498827,0.8342410912293043
1007,56.0,Female,North,Post-Graduate,Self-Employed,1428567.3,2018-08-04,0.0,TXN10007,796531.97,Education,682.55,6.0,32.0,P004,20.29,Education Loan,Education Loan,9.25,600.0,2018,8,4,Saturday,2.0,0,Very High,0,2.0,0.6198261551448517,0.10789597468354431,0.05310213133333333,1.5314347423193615,55.757399038883214,4.038786027402631,0.01761884823712451,7.467087721386646,0.8071835749558179,0.5575739903888322,98.3,0.32553407934893186,0.5575739903888322
1008,36.0,Female,South,Post-Graduate,Self-Employed,691250.93,2023-06-20,0.0,TXN10008,592980.49,Home,628.27,6.0,15.0,P003,15.6,Home Loan,Home Loan,8.5,500.0,2023,6,20,Tuesday,2.0,0,Medium,0,1.0,-0.20353522177388159,0.04567518396624473,0.03953203266666667,-0.018559981130552194,85.78368060929769,4.463418592576322,0.011522903764614746,9.261947992150338,0.44444682924410517,0.8578368060929769,38.93333333333333,0.38527397260273977,0.8578368060929769
1009,40.0,Male,East,Graduate,Salaried,404019.89,2022-04-14,0.0,TXN10009,170860.1,Education,635.04,24.0,27.0,P004,7.23,Education Loan,Education Loan,9.25,600.0,2022,4,14,Thursday,1.0,1,Low,0,2.0,-0.5242861968108251,0.021436277637130803,0.011390673333333334,-0.6223802874815846,42.29002190956489,3.7679221675652164,0.023100011408842713,6.503077879709338,-1.2028804492032605,0.42290021909564895,53.333333333333336,0.50625,0.42290021909564895
1010,28.0,Female,East,Post-Graduate,Salaried,530305.96,2023-01-15,0.0,TXN10010,271756.26,Home,590.19,24.0,28.0,P003,10.26,Home Loan,Home Loan,8.5,500.0,2023,1,15,Sunday,2.0,0,Medium,0,2.0,-0.38326251049167354,0.03209332995780591,0.018117084000000002,-0.3569002980094583,51.245183063754375,3.9559476964277653,0.019140520548654373,7.158574094311965,-0.565471411989906,0.5124518306375437,44.13333333333333,0.6344410876132931,0.5124518306375437
1011,28.0,Female,West,Graduate,Salaried,1111450.67,2023-05-17,1.0,TXN10011,1237444.87,Home,783.96,48.0,17.0,P003,8.43,Home Loan,Home Loan,8.5,500.0,2023,5,17,Wednesday,1.0,0,Very High,1,1.0,0.2657019341939069,0.0811350776371308,0.08249632466666668,0.864788614256019,111.33601368021131,4.721494502054291,0.008901864747014395,10.551588206531342,1.3299707820261373,1.113360136802113,40.06666666666667,0.42429284525790345,1.113360136802113
1012,41.0,Female,South,Graduate,Salaried,945566.1,2025-11-27,1.0,TXN10012,430260.69,Home,658.0,24.0,46.0,P003,20.45,Home Loan,Home Loan,8.5,500.0,2025,11,27,Thursday,1.0,0,High,0,3.0,0.08045859290640509,0.06713637974683545,0.028684046,0.5160642149838887,45.50297329821787,3.839516252446273,0.02150400133744401,6.745589173542802,0.038368267502834126,0.45502973298217864,9.233333333333333,4.981949458483755,0.45502973298217864
1013,53.0,Male,East,Graduate,Salaried,613799.1,2019-12-28,0.0,TXN10013,394972.16,Education,709.96,60.0,59.0,P004,17.93,Education Loan,Education Loan,9.25,600.0,2019,12,28,Saturday,1.0,1,Medium,1,3.0,-0.2900256999300572,0.03913916455696203,0.026331477333333332,-0.18138008482842594,64.34876818815798,4.179738590438224,0.015302507265641354,8.021768395320198,-0.07208970866664953,0.6434876818815798,81.26666666666667,0.7260049220672683,0.6434876818815798
1014,41.0,Female,South,Graduate,Salaried,572107.5,2021-05-29,0.0,TXN10014,620535.37,Home,631.52,6.0,50.0,P003,16.5,Home Loan,Home Loan,8.5,500.0,2021,5,29,Saturday,1.0,0,Medium,0,3.0,-0.33658272019795804,0.03562088607594937,0.041369024666666664,-0.26902463286983774,108.46481998575443,4.695603218966598,0.00913535508604626,10.414644496369256,0.5009465897579538,1.0846481998575443,64.0,0.78125,1.0846481998575443
1015,41.0,Male,East,Secondary,Salaried,564315.42,2025-02-14,1.0,TXN10015,503994.29,Home,525.25,12.0,58.0,P003,10.12,Home Loan,Home Loan,8.5,500.0,2025,2,14,Friday,0.0,1,Medium,0,3.0,-0.3452841379053404,0.034963326582278485,0.03359961933333333,-0.28540523063779394,89.31074220867471,4.503256414683976,0.011072879876121159,9.450436085635134,0.24016608052467445,0.8931074220867471,18.766666666666666,3.0905861456483126,0.8931074220867471
1016,20.0,Male,North,Post-Graduate,Salaried,421472.58,2020-12-01,0.0,TXN10016,90748.69,Business,702.95,6.0,2.0,P006,8.13,Credit Builder Loan,Credit Loan,14.5,700.0,2020,12,1,Tuesday,2.0,1,Low,1,0.0,-0.5047967734723255,0.022909078481012667,0.0060499126666666665,-0.5856910472711616,21.531339001934597,3.1149071846326315,0.04438262634609232,4.640187388665957,-2.118891364098437,0.215313390019346,69.96666666666667,0.028585040495474036,0.215313390019346
1017,39.0,Female,East,Post-Graduate,Salaried,1701961.97,2019-11-07,1.0,TXN10017,518533.68,Home,517.46,12.0,36.0,P003,17.86,Home Loan,Home Loan,8.5,500.0,2019,11,7,Thursday,2.0,0,Very High,0,2.0,0.9251260523022181,0.13096725485232066,0.034568912,2.106168076829933,30.46681942017776,3.448933638926364,0.031779506744770036,5.51967566258904,0.2761269534104663,0.3046681942017776,82.96666666666667,0.43390920048212134,0.3046681942017776
1018,19.0,Male,North,Secondary,Salaried,586283.86,2025-12-30,1.0,TXN10018,92769.85,Education,674.17,24.0,50.0,P004,13.06,Education Loan,Education Loan,9.25,600.0,2025,12,30,Tuesday,0.0,1,Medium,0,3.0,-0.3207519753993641,0.03681720337552743,0.006184656666666667,-0.23922293024695093,15.82336754076771,2.8227688450147292,0.05944113136544874,3.977859668310046,-2.0860620946495625,0.1582336754076771,8.133333333333333,6.147540983606557,0.1582336754076771
1019,41.0,Male,East,Post-Graduate,Salaried,1367196.43,2018-10-10,0.0,TXN10019,1110803.19,Home,563.69,36.0,7.0,P003,8.84,Home Loan,Home Loan,8.5,500.0,2018,10,10,Wednesday,2.0,1,Very High,0,0.0,0.5512932890891304,0.10271699831223628,0.074053546,1.4024202126765017,81.24678836383444,4.409724341634904,0.012158529468364264,9.013700037378348,1.203879481237161,0.8124678836383444,96.06666666666666,0.07286606523247745,0.8124678836383444
1020,47.0,Female,West,Secondary,Salaried,1616153.41,2020-12-17,0.0,TXN10020,1002107.39,Home,848.92,6.0,13.0,P003,15.48,Home Loan,Home Loan,8.5,500.0,2020,12,17,Thursday,0.0,0,Very High,1,0.0,0.8293036116408046,0.12372602616033755,0.06680715933333334,1.9257803618157723,62.00570959411582,4.143225350763049,0.015871577456107108,7.874370425254061,1.0823924575324881,0.6200570959411582,69.43333333333334,0.18722995679308688,0.6200570959411582
1021,55.0,Female,North,Graduate,Unemployed,700079.72,2025-11-21,0.0,TXN10021,418026.74,Business,757.47,60.0,15.0,P005,5.69,Business Loan,Business Loan,11.75,400.0,2025,11,21,Friday,1.0,0,,1,1.0,-0.19367610974721347,0.04642022953586498,0.027868449333333333,0.0,59.71130544961365,4.106129931952066,0.016471396762007262,7.727309069114141,0.001236227492242669,0.5971130544961365,9.433333333333334,1.5901060070671378,0.5971130544961365
1022,19.0,Female,East,Graduate,Salaried,552077.9,2025-01-28,0.0,TXN10022,638108.66,Home,688.99,48.0,25.0,P003,10.54,Home Loan,Home Loan,8.5,500.0,2025,1,28,Tuesday,1.0,0,Medium,0,1.0,-0.3589497795854113,0.03393062447257385,0.042540577333333336,-0.3111310821174143,115.58308347427058,4.758604181695232,0.0085775737799961,10.75095732826945,0.5355622563253774,1.1558308347427058,19.333333333333332,1.293103448275862,1.1558308347427058
1023,41.0,Female,West,Secondary,Unemployed,874045.02,2023-03-24,1.0,TXN10023,617200.52,Home,787.42,18.0,23.0,P003,12.97,Home Loan,Home Loan,8.5,500.0,2023,3,24,Friday,0.0,0,High,1,1.0,0.0005909847756988,0.061100845569620255,0.041146701333333334,0.3657118003000277,70.61427110470808,4.2712943712104465,0.013963697243219693,8.403229801969482,0.4942564385311617,0.7061427110470808,41.86666666666667,0.5493630573248408,0.7061427110470808
1024,50.0,Male,North,Post-Graduate,Self-Employed,690746.4,2021-02-26,1.0,TXN10024,279053.23,Education,608.06,6.0,60.0,P004,7.52,Education Loan,Education Loan,9.25,600.0,2021,2,26,Friday,2.0,1,Medium,0,3.0,-0.2040986305525268,0.04563260759493672,0.018603548666666664,-0.019620609742151077,40.3987961428391,3.723251801733092,0.02415529177586903,6.356004731184449,-0.5299238500197943,0.40398796142839105,67.06666666666666,0.8946322067594434,0.40398796142839105
1025,29.0,Male,West,Post-Graduate,Salaried,425831.75,2025-11-29,0.0,TXN10025,287706.3,Education,726.2,12.0,22.0,P004,21.74,Education Loan,Education Loan,9.25,600.0,2025,11,29,Saturday,2.0,1,Low,1,1.0,-0.49992888723046325,0.023276940928270047,0.01918042,-0.5765271513188431,67.56337450178385,4.227758492765904,0.01458504642262003,8.21969430707638,-0.48906716463079725,0.6756337450178386,9.166666666666666,2.4000000000000004,0.6756337450178386
1026,39.0,Male,South,Graduate,Unemployed,836710.34,2020-08-05,0.0,TXN10026,722584.18,Education,696.98,12.0,26.0,P004,8.55,Education Loan,Education Loan,9.25,600.0,2020,8,5,Wednesday,1.0,1,High,0,1.0,-0.04110066182590905,0.057950239662447264,0.04817227866666667,0.2872264182357571,86.36013509764922,4.470039058442849,0.011446868744905468,9.29301539316756,0.6885519681429136,0.8636013509764922,73.9,0.35182679296346414,0.8636013509764922
1027,42.0,Female,South,Secondary,Salaried,365990.89,2019-10-27,0.0,TXN10027,84196.64,Home,702.44,12.0,33.0,P003,7.22,Home Loan,Home Loan,8.5,500.0,2019,10,27,Sunday,0.0,0,Low,1,2.0,-0.5667531907320946,0.018227079324894514,0.005613109333333333,-0.7023252768191695,23.005119061843317,3.178267101847434,0.04165778130171922,4.796365192710342,-2.2310975485079334,0.23005119061843315,83.33333333333333,0.396,0.23005119061843315
1028,44.0,Female,North,Secondary,Self-Employed,1345208.1,2022-09-14,0.0,TXN10028,589791.7,Home,788.15,24.0,11.0,P003,8.46,Home Loan,Home Loan,8.5,500.0,2022,9,14,Wednesday,0.0,0,Very High,1,0.0,0.5267389154151221,0.1008614430379747,0.03931944666666666,1.3561960993050934,43.84390043443835,3.8031875800239274,0.022299576760991095,6.621472678674915,0.4377232512393282,0.43843900434438354,48.233333333333334,0.22805805114029026,0.43843900434438354
1029,59.0,Female,East,Graduate,Salaried,542148.97,2021-02-22,0.0,TXN10029,540692.63,Education,742.26,12.0,10.0,P004,18.07,Education Loan,Education Loan,9.25,600.0,2021,2,22,Monday,1.0,0,Medium,1,0.0,-0.370037418228413,0.033092740084388186,0.03604617533333333,-0.332003789866333,99.73137641486251,4.612457334259749,0.009927393386162983,9.986559788779243,0.32886125239450115,0.9973137641486252,67.2,0.1488095238095238,0.9973137641486252
1030,45.0,Female,North,Post-Graduate,Self-Employed,781893.19,2018-03-08,0.0,TXN10030,494663.25,Education,704.54,18.0,25.0,P004,12.23,Education Loan,Education Loan,9.25,600.0,2018,3,8,Thursday,2.0,0,High,1,1.0,-0.10231498709955077,0.05332431983122363,0.03297755,0.17198919211183086,63.26481114383411,4.163012220848279,0.015560615244972133,7.953917974422047,0.2164831505847278,0.6326481114383411,103.26666666666667,0.2420916720464816,0.6326481114383411
1031,33.0,Male,West,Graduate,Self-Employed,818021.54,2023-08-16,1.0,TXN10031,592170.7,Business,539.33,60.0,37.0,P005,14.61,Business Loan,Business Loan,11.75,400.0,2023,8,16,Wednesday,1.0,1,High,0,2.0,-0.06197044951414221,0.05637312573839663,0.03947804666666666,0.2479386137514885,72.39059988567048,4.295795860466479,0.013625723206484515,8.50826656174279,0.44274314292751055,0.7239059988567048,37.03333333333333,0.9990999099909992,0.7239059988567048
1032,32.0,Female,East,Secondary,Self-Employed,700079.72,2019-09-29,1.0,TXN10032,366961.72,Business,598.4,36.0,48.0,P005,5.36,Business Loan,Business Loan,11.75,400.0,2019,9,29,Sunday,0.0,0,,0,3.0,-0.19367610974721347,0.04642022953586498,0.024464114666666665,0.0,52.417133294476805,3.978131542716545,0.018720585293995878,7.239967768883837,-0.16776072338674292,0.524171332944768,84.26666666666667,0.569620253164557,0.524171332944768
1033,20.0,Male,South,Graduate,Self-Employed,966577.93,2018-11-10,1.0,TXN10033,189541.04,Business,669.57,60.0,43.0,P006,5.59,Credit Builder Loan,Credit Loan,14.5,700.0,2018,11,10,Saturday,1.0,1,High,0,2.0,0.10392250878336089,0.06890952995780592,0.012636069333333335,0.5602355191284403,19.609493877022413,3.025751837445203,0.04852132740216891,4.428260818540662,-1.0578933284346184,0.19609493877022413,95.03333333333333,0.4524728165555945,0.19609493877022413
1034,54.0,Male,East,Graduate,Salaried,539090.43,2019-07-19,0.0,TXN10034,174685.39,Home,687.94,12.0,53.0,P003,12.58,Home Loan,Home Loan,8.5,500.0,2019,7,19,Friday,1.0,1,Medium,0,3.0,-0.3734528906202181,0.03283463544303798,0.011645692666666667,-0.3384334868788385,32.40372677363239,3.508667473806938,0.02993677941316899,5.69242714258447,-1.1718206375606515,0.3240372677363239,86.66666666666667,0.6115384615384615,0.3240372677363239
1035,24.0,Male,South,Graduate,Salaried,1130362.72,2022-05-21,1.0,TXN10035,698359.25,Home,682.55,24.0,38.0,P003,18.88,Home Loan,Home Loan,8.5,500.0,2022,5,21,Saturday,1.0,1,Very High,0,2.0,0.28682102521362207,0.0827310312236287,0.04655728333333333,0.9045457373884147,61.78187210561934,4.139666371065077,0.015928164714771133,7.860144534651977,0.6467705778960593,0.6178187210561934,52.1,0.72936660268714,0.6178187210561934
1036,41.0,Female,East,Secondary,Salaried,333883.29,2020-04-05,0.0,TXN10036,123418.2,Business,850.0,24.0,41.0,P005,20.05,Business Loan,Business Loan,11.75,400.0,2020,4,5,Sunday,0.0,0,Low,1,2.0,-0.6026077557752606,0.015517577215189872,0.00822788,-0.7698222328173666,36.964473424231564,3.6366508125369137,0.026340415388501886,6.0798415624283795,-1.6668274933986706,0.36964473424231564,77.96666666666667,0.5258657545959812,0.36964473424231564
1037,26.0,Male,East,Graduate,Salaried,750387.02,2024-12-28,0.0,TXN10037,151936.85,Home,808.89,6.0,45.0,P003,6.47,Home Loan,Home Loan,8.5,500.0,2024,12,28,Saturday,1.0,1,High,1,3.0,-0.1374979351095558,0.05066557130801688,0.010129123333333333,0.10575656898952604,20.247798262821764,3.05625327884109,0.047063699854010065,4.499755355885669,-1.3686436714339094,0.20247798262821765,20.366666666666667,2.20949263502455,0.20247798262821765
1038,56.0,Male,East,Graduate,Self-Employed,2033454.37,2021-01-10,0.0,TXN10038,2106317.4,Home,731.18,6.0,24.0,P003,14.15,Home Loan,Home Loan,8.5,500.0,2021,1,10,Sunday,1.0,1,Very High,1,1.0,1.295303699249207,0.15894129704641352,0.14042116,2.8030351094495236,103.58321440967468,4.649983064658589,0.009561763860907808,10.177583918085602,1.9324908817100908,1.0358321440967468,68.63333333333334,0.34968431277319084,1.0358321440967468
1039,35.0,Male,West,Post-Graduate,Salaried,403791.28,2020-10-22,0.0,TXN10039,476575.53,Business,682.55,36.0,40.0,P005,20.52,Business Loan,Business Loan,11.75,400.0,2020,10,22,Thursday,2.0,1,Low,0,2.0,-0.524541485655663,0.021416985654008444,0.031771702,-0.6228608739816888,118.02521589866923,4.779335368972399,0.008401581063724671,10.863941085014647,0.16914840168376105,1.1802521589866923,71.3,0.5610098176718092,1.1802521589866923
1040,21.0,Female,West,Graduate,Unemployed,482181.5,2024-03-01,0.0,TXN10040,418026.74,Business,661.96,36.0,46.0,P005,11.6,Business Loan,Business Loan,11.75,400.0,2024,3,1,Friday,1.0,0,Low,0,3.0,-0.4370031071490765,0.028032194092827006,0.027868449333333333,-0.4580680763254021,86.69489393516756,4.473863675735256,0.01140317246679488,9.311009286600866,0.001236227492242669,0.8669489393516756,30.433333333333334,1.511500547645126,0.8669489393516756
1041,42.0,Female,North,Graduate,Salaried,928647.9,2019-10-24,1.0,TXN10041,971806.03,Home,599.09,24.0,56.0,P003,19.1,Home Loan,Home Loan,8.5,500.0,2019,10,24,Thursday,1.0,0,High,0,3.0,0.06156603468613056,0.0657086835443038,0.06478706866666667,0.4804985856323116,104.64741588281198,4.660107284537302,0.00946544685114908,10.229731955570097,1.0459372535019533,1.04647415882812,83.43333333333334,0.6711945665201757,1.04647415882812
1042,31.0,Male,North,Post-Graduate,Self-Employed,772668.66,2020-03-15,0.0,TXN10042,312216.85,Home,686.59,24.0,33.0,P003,7.27,Home Loan,Home Loan,8.5,500.0,2020,3,15,Sunday,2.0,1,High,0,2.0,-0.11261602208434039,0.052545878481012664,0.020814456666666665,0.15259728192502015,40.40759851706681,3.723464403049621,0.024150156874899034,6.356697139007553,-0.3802682778148446,0.40407598517066806,78.66666666666667,0.4194915254237288,0.40407598517066806
1043,26.0,Male,South,Secondary,Salaried,848887.69,2024-09-17,0.0,TXN10043,983570.79,Home,701.91,24.0,17.0,P003,20.9,Home Loan,Home Loan,8.5,500.0,2024,9,17,Tuesday,0.0,1,High,1,1.0,-0.027502212000061137,0.058977864135021096,0.06557138600000001,0.31282577966808606,115.86583261679763,4.761026547029133,0.008556820908288859,10.76409924781436,1.0602372899777364,1.1586583261679764,23.766666666666666,0.7152875175315568,1.1586583261679764
1044,43.0,Female,West,Post-Graduate,Self-Employed,916107.08,2019-06-20,0.0,TXN10044,326841.35,Business,574.45,6.0,24.0,P006,17.77,Credit Builder Loan,Credit Loan,14.5,700.0,2019,6,20,Thursday,2.0,0,High,0,1.0,0.04756169781932528,0.0646503864978903,0.021789423333333332,0.4541351334988194,35.67719943830147,3.602155293282019,0.02726489522958818,5.973039380273788,-0.3197215866060429,0.3567719943830147,87.63333333333334,0.2738683910232027,0.3567719943830147
1045,19.0,Male,South,Graduate,Unemployed,992450.51,2021-10-23,0.0,TXN10045,1140326.92,Business,682.55,18.0,37.0,P005,21.0,Business Loan,Business Loan,11.75,400.0,2021,10,23,Saturday,1.0,1,High,0,2.0,0.13281442541507768,0.0710928700421941,0.07602179466666666,0.614625146313899,114.90012937773591,4.75272886663271,0.00862811806482847,10.71914779158007,1.2346350123131364,1.149001293777359,59.1,0.626057529610829,1.149001293777359
1046,37.0,Female,North,Secondary,Salaried,1288733.52,2021-05-20,0.0,TXN10046,1539469.85,Home,666.8,12.0,57.0,P003,16.5,Home Loan,Home Loan,8.5,500.0,2021,5,20,Thursday,0.0,0,Very High,0,3.0,0.4636737376411535,0.09609565569620254,0.10263132333333334,1.2374746052888272,119.45602609917371,4.791284757690488,0.008301784745718584,10.929594050063054,1.581076076820617,1.1945602609917372,64.3,0.8864696734059099,1.1945602609917372
1047,45.0,Female,South,Graduate,Salaried,876976.85,2025-03-09,0.0,TXN10047,786919.17,Home,517.84,12.0,2.0,P003,11.18,Home Loan,Home Loan,8.5,500.0,2025,3,9,Sunday,1.0,0,High,0,0.0,0.003864960078446541,0.06134825738396625,0.052461278,0.37187512613267143,89.7308942647688,4.5078979194623905,0.011021604141603884,9.472639244939543,0.7924604756413324,0.897308942647688,18.0,0.1111111111111111,0.897308942647688
1048,24.0,Male,North,Graduate,Self-Employed,613014.52,2025-09-11,0.0,TXN10048,723480.3,Business,606.87,60.0,32.0,P005,20.95,Business Loan,Business Loan,11.75,400.0,2025,9,11,Thursday,1.0,1,Medium,0,2.0,-0.29090184061455454,0.039072955274261606,0.04823202,-0.18302943768373317,118.02009192212934,4.779292318541474,0.008401942763195518,10.863705257513633,0.6900679673784367,1.1802009192212934,11.8,2.711864406779661,1.1802009192212934
1049,25.0,Male,West,Secondary,Salaried,1013328.64,2023-04-05,0.0,TXN10049,757986.81,Home,644.84,24.0,57.0,P003,9.68,Home Loan,Home Loan,8.5,500.0,2023,4,5,Wednesday,0.0,1,High,0,3.0,0.15612903846820753,0.07285473755274262,0.050532454000000004,0.6585153848223717,74.8016763840801,4.3281204082887355,0.013192320377363323,8.64879623901963,0.7469289383852992,0.748016763840801,41.46666666666667,1.3745980707395498,0.748016763840801
1050,52.0,Other,East,Graduate,Salaried,1990249.72,2023-12-05,0.0,TXN10050,418026.74,Education,840.45,36.0,60.0,P004,10.65,Education Loan,Education Loan,9.25,600.0,2023,12,5,Tuesday,1.0,2,Very High,1,3.0,1.2470570556635074,0.15529533502109705,0.027868449333333333,2.712209810767358,21.00373313957808,3.091212127125548,0.04544683366484306,4.582982995776668,0.001236227492242669,0.21003733139578082,33.333333333333336,1.7999999999999998,0.21003733139578082
1051,41.0,Male,West,Graduate,Salaried,650754.05,2019-09-20,0.0,TXN10051,396208.79,Business,727.31,18.0,24.0,P005,16.91,Business Loan,Business Loan,11.75,400.0,2019,9,20,Friday,1.0,1,Medium,1,1.0,-0.2487580979155204,0.04225772573839663,0.02641391933333333,-0.10369297541926485,60.88456767960183,4.125270838100279,0.01615911749076687,7.80285637953191,-0.06803880690190356,0.6088456767960183,84.56666666666666,0.2837997635001971,0.6088456767960183
1052,41.0,Male,South,Graduate,Salaried,409562.38,2020-01-19,0.0,TXN10052,316689.6,Home,566.48,24.0,9.0,P003,18.01,Home Loan,Home Loan,8.5,500.0,2020,1,19,Sunday,1.0,1,Low,0,0.0,-0.518096896825585,0.021903998312236293,0.02111264,-0.6107288029841308,77.3238987428484,4.360852776641721,0.012767495184109537,8.79340086330928,-0.3614263518227897,0.773238987428484,80.53333333333333,0.11175496688741722,0.773238987428484
1053,53.0,Female,South,Secondary,Salaried,1286878.38,2018-04-15,0.0,TXN10053,291781.19,Education,721.31,12.0,4.0,P004,20.8,Education Loan,Education Loan,9.25,600.0,2018,4,15,Sunday,0.0,0,Very High,1,0.0,0.4616021023338062,0.09593910379746835,0.019452079333333334,1.233574709222148,22.67356375977037,3.1643589723859313,0.04224121091980872,4.76167657026077,-0.4702908680720996,0.2267356375977037,102.0,0.0392156862745098,0.2267356375977037
1054,57.0,Female,West,Post-Graduate,Salaried,655154.24,2024-12-17,0.0,TXN10054,526390.51,Home,548.48,12.0,17.0,P003,8.48,Home Loan,Home Loan,8.5,500.0,2024,12,17,Tuesday,2.0,0,Medium,0,1.0,-0.24384440462928017,0.04262904978902954,0.035092700666666664,-0.09444284676394014,80.34604339887963,4.398712195713705,0.012293160899006587,8.963595450424993,0.29510261950001226,0.8034604339887963,20.733333333333334,0.8199356913183279,0.8034604339887963
1055,21.0,Other,West,Post-Graduate,Salaried,211899.5,2018-02-15,0.0,TXN10055,250091.57,Home,772.03,12.0,17.0,P003,18.57,Home Loan,Home Loan,8.5,500.0,2018,2,15,Thursday,2.0,2,Low,1,1.0,-0.7388270849299429,0.0052235864978902955,0.016672771333333333,-1.0262579211317633,118.02367159903633,4.779322394329676,0.008401690071944449,10.863870010223629,-0.6775131402662704,1.1802367159903633,103.96666666666667,0.1635139467778134,1.1802367159903633
1056,19.0,Female,North,Post-Graduate,Salaried,1115616.29,2025-11-10,0.0,TXN10056,390033.99,Business,639.95,36.0,53.0,P005,17.56,Business Loan,Business Loan,11.75,400.0,2025,11,10,Monday,2.0,0,Very High,0,3.0,0.2703536831018015,0.08148660675105486,0.026002266,0.8735456272325485,34.961302868748895,3.5824434400023994,0.027807668805821282,5.912808374093388,-0.08840566641213858,0.34961302868748895,9.8,5.408163265306122,0.34961302868748895
1057,23.0,Male,South,Graduate,Unemployed,521469.0,2021-09-16,1.0,TXN10057,512199.82,Home,672.04,36.0,50.0,P003,6.08,Home Loan,Home Loan,8.5,500.0,2021,9,16,Thursday,1.0,1,Medium,0,3.0,-0.39313074595940867,0.03134759493670886,0.034146654666666665,-0.3754774542054314,98.22248685923803,4.597364670651104,0.010078360577866284,9.910725849262406,0.2605987306375265,0.9822248685923803,60.333333333333336,0.8287292817679558,0.9822248685923803
1058,59.0,Male,South,Secondary,Salaried,665998.24,2021-05-24,0.0,TXN10058,734791.69,Business,792.69,24.0,48.0,P006,11.58,Credit Builder Loan,Credit Loan,14.5,700.0,2021,5,24,Monday,0.0,1,Medium,1,3.0,-0.2317349070857674,0.04354415527426161,0.048986112666666665,-0.07164646862155485,110.32937414369141,4.712493142092653,0.008982355354924683,10.503779041073333,0.7090288448315535,1.1032937414369142,64.16666666666667,0.748051948051948,1.1032937414369142
1059,21.0,Female,West,Graduate,Unemployed,700079.72,2020-09-08,1.0,TXN10059,958601.32,Education,570.59,24.0,30.0,P004,9.81,Education Loan,Education Loan,9.25,600.0,2020,9,8,Tuesday,1.0,0,,0,2.0,-0.19367610974721347,0.04642022953586498,0.06390675466666666,0.0,136.9274516336511,4.9267278341221505,0.007250188328398168,11.70160038770984,1.0296592777030482,1.369274516336511,72.76666666666667,0.4122766834631241,1.369274516336511
1060,46.0,Female,East,Secondary,Salaried,777322.37,2020-08-17,1.0,TXN10060,900249.99,Home,561.24,60.0,40.0,P003,10.18,Home Loan,Home Loan,8.5,500.0,2020,8,17,Monday,0.0,0,High,0,2.0,-0.10741922294996005,0.052938596624472575,0.060016665999999996,0.1623803631611875,115.81423933547674,4.7605849750822555,0.008560600194708435,10.761702436672218,0.9546607547405394,1.1581423933547674,73.5,0.54421768707483,1.1581423933547674
1061,35.0,Male,South,Secondary,Salaried,1034091.8,2022-02-24,0.0,TXN10061,721312.76,Home,630.39,6.0,58.0,P003,21.71,Home Loan,Home Loan,8.5,500.0,2022,2,24,Thursday,0.0,1,Very High,0,3.0,0.1793152644932502,0.0746069029535865,0.048087517333333336,0.7021639321103511,69.75326175103604,4.259198637948802,0.014133624023140631,8.351841817888797,0.6863975215697589,0.6975326175103603,54.96666666666667,1.055184960582171,0.6975326175103603
1062,43.0,Female,East,Graduate,Salaried,550905.25,2023-01-11,0.0,TXN10062,647960.05,Home,768.26,18.0,11.0,P003,15.93,Home Loan,Home Loan,8.5,500.0,2023,1,11,Wednesday,1.0,0,Medium,1,0.0,-0.3602592781370897,0.03383166666666667,0.04319733666666667,-0.3135962400691543,117.61733074789178,4.775902603610537,0.008430471278479458,10.845152407776101,0.554513481280372,1.1761733074789178,44.266666666666666,0.24849397590361447,1.1761733074789178
1063,51.0,Male,West,Graduate,Salaried,928238.33,2025-12-02,0.0,TXN10063,877348.33,Home,550.86,18.0,21.0,P003,17.2,Home Loan,Home Loan,8.5,500.0,2025,12,2,Tuesday,1.0,1,High,0,1.0,0.061108667763510004,0.06567412067510549,0.05848988866666666,0.4796375829952978,94.51757179645878,4.5593102284298315,0.010469277863668159,9.722014801287786,0.9237576959592321,0.9451757179645878,9.066666666666666,2.3161764705882355,0.9451757179645878
1064,27.0,Female,West,Graduate,Salaried,606879.14,2024-11-01,1.0,TXN10064,194052.64,Home,439.27,36.0,21.0,P003,21.6,Home Loan,Home Loan,8.5,500.0,2024,11,1,Friday,1.0,0,Medium,0,1.0,-0.2977532210127948,0.03855520168776372,0.012936842666666667,-0.19592730217351811,31.975500097103353,3.4957648644354076,0.030325544633297084,5.654688328909327,-1.025222530730882,0.31975500097103354,22.266666666666666,0.9431137724550899,0.31975500097103354
1065,53.0,Male,North,Graduate,Salaried,1050925.1,2025-01-27,0.0,TXN10065,683884.37,Home,641.65,60.0,18.0,P003,11.41,Home Loan,Home Loan,8.5,500.0,2025,1,27,Monday,1.0,1,Very High,0,1.0,0.19811301486204527,0.07602743459915613,0.04559229133333333,0.7375510837319129,65.07451101891085,4.190783060068129,0.015134429064693268,8.06687740200078,0.6210402580588255,0.6507451101891085,19.366666666666667,0.9294320137693631,0.6507451101891085
1066,31.0,Male,South,Graduate,Salaried,981942.2,2025-01-02,0.0,TXN10066,887919.01,Home,726.9,12.0,55.0,P003,18.63,Home Loan,Home Loan,8.5,500.0,2025,1,2,Thursday,1.0,1,High,1,3.0,0.12107979297949382,0.07020609282700423,0.059194600666666666,0.5925344594458235,90.42477347444688,4.515516486312352,0.010937954363972243,9.509194154840193,0.9381300625498137,0.9042477347444687,20.2,2.722772277227723,0.9042477347444687
1067,48.0,Male,East,Secondary,Salaried,418463.24,2022-01-21,0.0,TXN10067,171447.46,Education,782.02,48.0,29.0,P004,12.39,Education Loan,Education Loan,9.25,600.0,2022,1,21,Friday,0.0,1,Low,1,2.0,-0.5081573042116833,0.022655125738396627,0.011429830666666667,-0.5920173154931283,40.9707337734134,3.7369725604762856,0.023826126209722253,6.400838521116855,-1.1980620921127136,0.40970733773413404,56.1,0.5169340463458111,0.40970733773413404
1068,32.0,Male,North,Post-Graduate,Self-Employed,1272031.49,2022-04-09,1.0,TXN10068,1046431.54,Education,640.63,48.0,24.0,P004,19.78,Education Loan,Education Loan,9.25,600.0,2022,4,9,Saturday,2.0,1,Very High,0,1.0,0.4450225765145695,0.09468620168776372,0.06976210266666667,1.2023634109301529,82.26459393705733,4.422023416044093,0.012009906644785125,9.069983127716243,1.1335981109874202,0.8226459393705733,53.5,0.4485981308411215,0.8226459393705733
1069,25.0,Male,South,Graduate,Salaried,700079.72,2025-01-31,0.0,TXN10069,443057.58,Education,645.03,12.0,10.0,P004,8.07,Education Loan,Education Loan,9.25,600.0,2025,1,31,Friday,1.0,1,,0,0.0,-0.19367610974721347,0.04642022953586498,0.029537172,0.0,63.286732545259284,4.163353273176529,0.015555309165790591,7.955295880434573,0.07599092031523813,0.6328673254525928,19.233333333333334,0.5199306759098786,0.6328673254525928
1070,31.0,Female,North,Graduate,Salaried,1091722.63,2022-02-16,0.0,TXN10070,350262.54,Home,778.08,24.0,45.0,P003,21.11,Home Loan,Home Loan,8.5,500.0,2022,2,16,Wednesday,1.0,0,Very High,1,3.0,0.24367162693474775,0.07947026413502109,0.023350836,0.8233161078148439,32.08347343683807,3.499033865756865,0.030226572246386665,5.664227523399645,-0.22868589352080074,0.3208347343683807,55.233333333333334,0.8147254073627037,0.3208347343683807
1071,40.0,Female,West,Secondary,Self-Employed,856700.48,2023-08-26,0.0,TXN10071,636819.37,Home,521.07,24.0,17.0,P003,8.72,Home Loan,Home Loan,8.5,500.0,2023,8,26,Saturday,0.0,0,High,0,1.0,-0.018777667430439085,0.05963717130801688,0.04245462466666667,0.3292499142297835,74.33395741764963,4.321930994874945,0.013274226315445295,8.621714296916224,0.533058333490232,0.7433395741764963,36.7,0.4632152588555858,0.7433395741764963
1072,57.0,Female,South,Graduate,Salaried,1923845.56,2023-06-24,0.0,TXN10072,1847292.39,Education,646.98,60.0,18.0,P004,10.55,Education Loan,Education Loan,9.25,600.0,2023,6,24,Saturday,1.0,0,Very High,0,1.0,1.1729035133913726,0.14969160843881857,0.12315282599999999,2.5726142425649,96.02082560099055,4.574925652376726,0.010307065455334472,9.79902166550266,1.7866843576681262,0.9602082560099054,38.8,0.4639175257731959,0.9602082560099054
1073,38.0,Other,North,Graduate,Salaried,619042.57,2024-04-09,0.0,TXN10073,417135.92,Home,696.19,12.0,42.0,P003,17.86,Home Loan,Home Loan,8.5,500.0,2024,4,9,Tuesday,1.0,2,Medium,0,2.0,-0.28417031565446865,0.039581651476793246,0.027809061333333333,-0.17035720352095154,67.38404436386338,4.225139527882774,0.014623294209963932,8.208778494018667,-0.0015139312985671467,0.6738404436386338,29.133333333333333,1.4416475972540046,0.6738404436386338
1074,33.0,Male,North,Secondary,Unemployed,577643.04,2023-05-28,0.0,TXN10074,93987.3,Home,718.18,36.0,48.0,P003,11.69,Home Loan,Home Loan,8.5,500.0,2023,5,28,Sunday,0.0,1,Medium,1,3.0,-0.3304011812794762,0.036088020253164564,0.00626582,-0.2573877587401531,16.27082704917556,2.8490187803677802,0.05790110671322692,4.033711324472236,-2.0666633233278167,0.1627082704917556,39.7,1.2090680100755666,0.1627082704917556
1075,35.0,Male,East,Secondary,Salaried,692563.24,2020-06-30,0.0,TXN10075,110457.18,Business,682.55,18.0,20.0,P005,15.34,Business Loan,Business Loan,11.75,400.0,2020,6,30,Tuesday,0.0,1,Medium,0,1.0,-0.20206976486486955,0.04578592742616034,0.007363812,-0.015801228364042397,15.949038819906178,2.8302111254283724,0.05900039587056274,3.9936247720468403,-1.8284153026403687,0.15949038819906178,75.1,0.2663115845539281,0.15949038819906178
1076,41.0,Female,North,Graduate,Self-Employed,592488.49,2021-07-18,0.0,TXN10076,310985.84,Business,682.93,36.0,37.0,P006,12.56,Credit Builder Loan,Credit Loan,14.5,700.0,2021,7,18,Sunday,1.0,0,Medium,0,2.0,-0.31382326350860373,0.03734080084388186,0.020732389333333334,-0.2261794876322711,52.48808124525761,3.979458848620233,0.018695753833732117,7.24486585419341,-0.38550596918916924,0.5248808124525761,62.333333333333336,0.5935828877005347,0.5248808124525761
1077,43.0,Male,South,Graduate,Unemployed,1086860.32,2025-09-09,1.0,TXN10077,1220004.81,Education,468.49,24.0,45.0,P004,17.62,Education Loan,Education Loan,9.25,600.0,2025,9,9,Tuesday,1.0,1,Very High,0,3.0,0.23824188412759215,0.07905994261603377,0.081333654,0.8130945053244807,112.25037730699378,4.729601095986678,0.008829992656794839,10.594827856411532,1.3134682437100718,1.1225037730699379,11.866666666666667,3.792134831460674,1.1225037730699379
1078,42.0,Other,South,Secondary,Salaried,287755.02,2022-12-08,0.0,TXN10078,112256.29,Home,624.05,24.0,18.0,P003,8.88,Home Loan,Home Loan,8.5,500.0,2022,12,8,Thursday,0.0,2,Low,0,1.0,-0.654119206554631,0.011624896202531649,0.007483752666666666,-0.8667935981783078,39.011062257054625,3.6891559723056226,0.02499308800089863,6.2458836250009195,-1.804778032306763,0.39011062257054624,45.4,0.39647577092511016,0.39011062257054624
1079,58.0,Male,East,Post-Graduate,Salaried,392114.94,2025-07-15,1.0,TXN10079,319997.89,Business,718.55,48.0,17.0,P006,5.99,Credit Builder Loan,Credit Loan,14.5,700.0,2025,7,15,Tuesday,2.0,1,Low,1,1.0,-0.5375804574877563,0.02043164050632912,0.021333192666666667,-0.6474070065858072,81.60818610991971,4.414108781063282,0.012105337825350442,9.03372492994555,-0.3476764702525791,0.8160818610991971,13.733333333333333,1.237864077669903,0.8160818610991971
1080,46.0,Other,South,Secondary,Salaried,389081.46,2022-10-20,0.0,TXN10080,149088.1,Education,200.0,36.0,9.0,P004,10.1,Education Loan,Education Loan,9.25,600.0,2022,10,20,Thursday,0.0,2,Low,0,0.0,-0.5409679453712214,0.0201756506329114,0.009939206666666667,-0.6537840221858959,38.31796560031414,3.6716815543756813,0.025433665875937646,6.19015069285992,-1.395547798429604,0.38317965600314136,47.03333333333333,0.1913536498936924,0.38317965600314136
1081,32.0,Male,West,Graduate,Salaried,1180566.29,2018-04-25,1.0,TXN10081,575825.33,Business,685.01,48.0,14.0,P006,13.06,Credit Builder Loan,Credit Loan,14.5,700.0,2018,4,25,Wednesday,1.0,1,Very High,0,0.0,0.34288336453403623,0.08696761940928271,0.03838835533333333,1.010084244011221,48.77534915891931,3.907519864670394,0.020090265902651307,6.983935076940457,0.4077983149153199,0.4877534915891931,101.66666666666667,0.13770491803278687,0.4877534915891931
1082,18.0,Female,South,Post-Graduate,Salaried,1793488.15,2022-05-23,1.0,TXN10082,1866024.33,Business,717.98,6.0,49.0,P005,7.86,Business Loan,Business Loan,11.75,400.0,2022,5,23,Monday,2.0,0,Very High,1,3.0,1.0273333606641792,0.13869098312236286,0.124401622,2.2985754365872197,104.04441925083252,4.654383301185245,0.009519782270509099,10.200216627642401,1.7979601116520343,1.0404441925083252,52.03333333333333,0.9417040358744395,1.0404441925083252
1083,42.0,Female,South,Graduate,Self-Employed,660920.3,2021-08-15,0.0,TXN10083,604943.34,Business,650.88,36.0,29.0,P006,11.03,Credit Builder Loan,Credit Loan,14.5,700.0,2021,8,15,Sunday,1.0,0,Medium,0,2.0,-0.23740544396847718,0.043115637130801694,0.040329555999999996,-0.08232137091077864,91.53045231021046,4.527537804503725,0.010807252910074156,9.567154870190535,0.4693220745291504,0.9153045231021046,61.4,0.4723127035830619,0.9153045231021046
1084,24.0,Other,North,Graduate,Salaried,637929.89,2023-02-04,0.0,TXN10084,159590.44,Education,682.55,12.0,31.0,P004,11.8,Education Loan,Education Loan,9.25,600.0,2023,2,4,Saturday,1.0,2,Medium,0,2.0,-0.26307884063201015,0.04117551814345992,0.010639362666666667,-0.13065206807128002,25.0169246654989,3.2587472749193274,0.0384365182609804,5.0016921802025065,-1.2990136926979279,0.250169246654989,43.46666666666667,0.7131901840490797,0.250169246654989
1085,26.0,Male,North,Graduate,Salaried,727496.38,2024-09-10,0.0,TXN10085,436597.58,Home,598.17,24.0,4.0,P003,5.98,Home Loan,Home Loan,8.5,500.0,2024,9,10,Tuesday,1.0,1,High,0,0.0,-0.1630599185888471,0.04873387172995781,0.029106505333333334,0.05763560943943284,60.01371168334886,4.111098620607935,0.016389758505265764,7.746851727208212,0.05714964271596981,0.6001371168334886,24.0,0.16666666666666666,0.6001371168334886
1086,41.0,Female,South,Secondary,Unemployed,1326253.6,2024-09-07,0.0,TXN10086,239558.87,Education,662.44,24.0,18.0,P004,14.92,Education Loan,Education Loan,9.25,600.0,2024,9,7,Saturday,0.0,0,Very High,0,1.0,0.5055724204696672,0.0992619071729958,0.015970591333333332,1.31634973730769,18.062825239456465,2.947740115964059,0.05245812136651119,4.250038263293222,-0.7358928587478245,0.18062825239456465,24.1,0.7468879668049793,0.18062825239456465
1087,18.0,Other,East,Post-Graduate,Self-Employed,420328.32,2021-01-03,0.0,TXN10087,275287.58,Education,731.87,24.0,59.0,P004,20.03,Education Loan,Education Loan,9.25,600.0,2021,1,3,Sunday,2.0,2,Low,1,3.0,-0.5060745689038213,0.022812516455696208,0.018352505333333335,-0.5880965234472226,65.4934647277633,4.19710366806205,0.015039071946306113,8.092803267580603,-0.5481394988679302,0.654934647277633,68.86666666666666,0.856727976766699,0.654934647277633
1088,25.0,Female,North,Graduate,Salaried,798059.6,2020-09-04,0.0,TXN10088,674803.85,Education,693.34,24.0,20.0,P004,7.58,Education Loan,Education Loan,9.25,600.0,2020,9,4,Friday,1.0,0,High,0,1.0,-0.08426195296247768,0.054688573839662455,0.04498692333333333,0.2059744001130149,84.55557078694373,4.449166115540707,0.011688309607451134,9.195410310961861,0.604592399905715,0.8455557078694373,72.9,0.2743484224965706,0.8455557078694373
1089,41.0,Female,East,Post-Graduate,Salaried,1196838.81,2022-02-14,0.0,TXN10089,328445.79,Home,630.14,60.0,56.0,P003,15.16,Home Loan,Home Loan,8.5,500.0,2022,2,14,Monday,2.0,0,Very High,0,3.0,0.361054891734955,0.08834082784810128,0.021896386,1.0442925176417566,27.442775690069737,3.347894198276373,0.03515831263786014,5.238585275632128,-0.3132603862468378,0.2744277569006974,55.3,1.0126582278481013,0.2744277569006974
1090,28.0,Female,South,Secondary,Salaried,922126.24,2021-01-31,0.0,TXN10090,418026.74,Home,699.06,12.0,56.0,P003,16.3,Home Loan,Home Loan,8.5,500.0,2021,1,31,Sunday,0.0,0,High,0,3.0,0.054283295314162115,0.06515833248945148,0.027868449333333333,0.46678867900412374,45.332918842001504,3.835852698566485,0.021582926890707448,6.732972511602992,0.001236227492242669,0.453329188420015,67.93333333333334,0.8243375858684985,0.453329188420015
1091,34.0,Male,South,Secondary,Salaried,776929.98,2018-10-24,0.0,TXN10091,441085.26,Business,740.74,36.0,47.0,P005,12.13,Business Loan,Business Loan,11.75,400.0,2018,10,24,Wednesday,0.0,1,High,1,3.0,-0.10785740496223405,0.0529054835443038,0.029405684,0.16155547651241484,56.772845861862606,4.056518870512727,0.01730916981986734,7.534775767191921,0.07027053107069857,0.5677284586186261,95.6,0.49163179916317995,0.5677284586186261
1092,25.0,Female,West,Secondary,Salaried,1213975.37,2024-02-04,0.0,TXN10092,1354198.73,Education,505.75,24.0,43.0,P004,16.92,Education Loan,Education Loan,9.25,600.0,2024,2,4,Sunday,0.0,0,Very High,0,2.0,0.3801912926224743,0.08978695105485233,0.09027991533333334,1.0803171858287424,111.55075823325804,4.723404304187072,0.008884880170487438,10.56175923950447,1.4342751895903216,1.1155075823325804,31.3,1.3738019169329072,1.1155075823325804
1093,52.0,Female,North,Graduate,Salaried,158270.02,2024-06-20,0.0,TXN10093,188803.12,Business,778.52,12.0,44.0,P006,11.98,Credit Builder Loan,Credit Loan,14.5,700.0,2024,6,20,Thursday,1.0,0,Low,1,2.0,-0.7987151388141062,0.0006978919831223621,0.012586874666666666,-1.1389984140918783,119.29177743201144,4.789920270121034,0.008313120159565328,10.922077523622118,-1.0633179970193225,1.1929177743201145,26.733333333333334,1.6458852867830422,1.1929177743201145
1094,52.0,Female,South,Graduate,Self-Employed,1016287.7,2020-11-28,1.0,TXN10094,200368.1,Business,651.42,12.0,9.0,P006,13.58,Credit Builder Loan,Credit Loan,14.5,700.0,2020,11,28,Saturday,1.0,0,Very High,0,0.0,0.15943342151884438,0.07310444725738396,0.013357873333333334,0.6647359538657142,19.715686807977704,3.030891230083667,0.048272596958498885,4.44023499467964,-0.9808607914386779,0.19715686807977703,70.06666666666666,0.12844909609895339,0.19715686807977703
1095,50.0,Male,West,Post-Graduate,Salaried,700079.72,2018-09-16,0.0,TXN10095,463614.64,Education,716.17,60.0,13.0,P004,5.13,Education Loan,Education Loan,9.25,600.0,2018,9,16,Sunday,2.0,1,,1,0.0,-0.19367610974721347,0.04642022953586498,0.03090764266666667,0.0,66.22312098970671,4.2080172507000535,0.014875834166538046,8.137758966061032,0.13400322119366206,0.6622312098970672,96.86666666666666,0.13420509291121818,0.6622312098970672
1096,22.0,Male,North,Graduate,Salaried,255758.14,2023-08-17,0.0,TXN10096,138188.75,Education,781.77,48.0,15.0,P004,16.76,Education Loan,Education Loan,9.25,600.0,2023,8,17,Thursday,1.0,1,Low,1,1.0,-0.6898501305457848,0.00892473755274262,0.009212583333333333,-0.9340577973535683,54.031027125861954,4.007897155732334,0.018171567063665576,7.350580053700657,-1.5039490953198096,0.5403102712586195,37.0,0.40540540540540543,0.5403102712586195
1097,59.0,Female,South,Post-Graduate,Salaried,927267.2,2023-09-28,0.0,TXN10097,521199.36,Business,682.55,48.0,27.0,P006,16.24,Credit Builder Loan,Credit Loan,14.5,700.0,2023,9,28,Thursday,2.0,0,High,0,2.0,0.060024206646815834,0.0655921687763713,0.034746624,0.4775960626425299,56.208109162062456,4.046695656905064,0.01748003936237679,7.497206757323854,0.28260015795007465,0.5620810916206246,35.6,0.7584269662921348,0.5620810916206246
1098,56.0,Female,South,Secondary,Salaried,1490091.1,2024-01-18,0.0,TXN10098,1403633.36,Education,619.7,60.0,15.0,P004,5.65,Education Loan,Education Loan,9.25,600.0,2024,1,18,Thursday,0.0,0,Very High,0,1.0,0.688529798170264,0.1130878565400844,0.09357555733333334,1.66077076311948,94.19782186471686,4.5559570619632765,0.010504442017812907,9.705556236750002,1.475504162540114,0.9419782186471686,31.866666666666667,0.4707112970711297,0.9419782186471686
1099,58.0,Male,North,Post-Graduate,Self-Employed,649033.06,2023-03-08,1.0,TXN10099,723248.53,Education,655.47,12.0,28.0,P004,11.26,Education Loan,Education Loan,9.25,600.0,2023,3,8,Wednesday,2.0,1,Medium,0,2.0,-0.2506799278839278,0.042112494514767944,0.04821656866666667,-0.10731085985482954,111.43477498665474,4.7223732756118775,0.008894045459856111,10.556267095268797,0.6896760708609591,1.1143477498665475,42.4,0.6603773584905661,1.1143477498665475
1100,45.0,Female,North,Graduate,Self-Employed,1182234.22,2018-06-25,1.0,TXN10100,1357766.48,Home,613.38,18.0,37.0,P003,21.64,Home Loan,Home Loan,8.5,500.0,2018,6,25,Monday,1.0,0,Very High,0,2.0,0.3447459423870195,0.0871083729957806,0.09051776533333333,1.0135905851210538,114.84750289160131,4.752274695977123,0.008632037592866387,10.716692721712297,1.437305543413523,1.148475028916013,99.63333333333334,0.3713616594178655,1.148475028916013
1101,24.0,Male,North,Graduate,Self-Employed,1699065.0,2020-09-27,0.0,TXN10101,1284456.97,Home,827.47,36.0,55.0,P003,12.15,Home Loan,Home Loan,8.5,500.0,2020,9,27,Sunday,1.0,1,Very High,1,3.0,0.9218910051702899,0.13072278481012659,0.08563046466666667,2.1000780340793663,75.59787118209132,4.338569285003849,0.013055193108732259,8.694703628191782,1.3732164064928856,0.7559787118209133,72.13333333333334,0.7624768946395563,0.7559787118209133
1102,26.0,Male,South,Post-Graduate,Salaried,1442716.8,2023-04-03,0.0,TXN10102,757393.45,Education,607.17,24.0,19.0,P004,13.53,Education Loan,Education Loan,9.25,600.0,2023,4,3,Monday,2.0,1,Very High,0,1.0,0.6356269053746502,0.1090900253164557,0.05049289666666666,1.5611799795496897,52.49772165958003,3.9796390671929176,0.018692384815249912,7.245531150963332,0.7459753280570073,0.5249772165958003,41.53333333333333,0.4574638844301766,0.5249772165958003
1103,25.0,Male,South,Graduate,Salaried,1725135.41,2024-11-07,1.0,TXN10103,1685330.57,Home,632.78,24.0,26.0,P003,20.47,Home Loan,Home Loan,8.5,500.0,2024,11,7,Thursday,1.0,1,Very High,0,1.0,0.9510038386130573,0.1329228194092827,0.11235537133333334,2.1548835417045065,97.6926541667822,4.592010517801225,0.010132466376981664,9.883959437734566,1.6836317074017961,0.976926541667822,22.066666666666666,1.1782477341389728,0.976926541667822
1104,29.0,Male,West,Graduate,Salaried,1052844.11,2022-07-26,0.0,TXN10104,435405.21,Home,697.37,18.0,52.0,P003,17.19,Home Loan,Home Loan,8.5,500.0,2022,7,26,Tuesday,1.0,1,Very High,0,3.0,0.2002559738145514,0.07618937637130803,0.029027014,0.7415852480272853,41.35514516009402,3.746089905102149,0.02360988248818884,6.430796619400587,0.05363858501995998,0.4135514516009402,49.9,1.0420841683366733,0.4135514516009402
1105,51.0,Female,East,Secondary,Salaried,729652.82,2018-10-03,0.0,TXN10105,541605.04,Home,577.82,24.0,26.0,P003,14.9,Home Loan,Home Loan,8.5,500.0,2018,10,3,Wednesday,0.0,0,High,0,1.0,-0.16065182149527168,0.048915849789029534,0.03610700266666667,0.062168901737603637,74.22777314833102,4.320520486553551,0.01329296293309442,8.615554140525786,0.3309816036277048,0.7422777314833102,96.3,0.2699896157840083,0.7422777314833102
1106,50.0,Male,North,Secondary,Salaried,290034.28,2024-12-20,1.0,TXN10106,152705.19,Home,646.37,24.0,25.0,P003,18.56,Home Loan,Home Loan,8.5,500.0,2024,12,20,Friday,0.0,1,Low,0,1.0,-0.6515739563359821,0.011817238818565405,0.010180346,-0.8620021123018035,52.65073838857944,3.9824952320496476,0.018639072453341454,7.256082854307787,-1.3614819009697408,0.5265073838857944,20.633333333333333,1.2116316639741518,0.5265073838857944
1107,40.0,Other,South,Post-Graduate,Self-Employed,611396.67,2019-11-07,0.0,TXN10107,513244.66,Home,706.98,12.0,26.0,P003,19.69,Home Loan,Home Loan,8.5,500.0,2019,11,7,Thursday,2.0,2,Medium,1,1.0,-0.2927084941188677,0.03893642784810127,0.034216310666666666,-0.18643050005718,83.9462635607747,4.442018863169154,0.011772148156752666,9.162219357817989,0.26317472585942797,0.839462635607747,82.96666666666667,0.3133788670148654,0.839462635607747
1108,41.0,Other,South,Graduate,Salaried,440228.85,2022-12-29,0.0,TXN10108,177156.39,Home,651.71,24.0,26.0,P003,12.77,Home Loan,Home Loan,8.5,500.0,2022,12,29,Thursday,1.0,2,Low,0,1.0,-0.4838516420180225,0.02449188607594937,0.011810426,-0.546261406597916,40.24188555566043,3.719454379627821,0.024247194000148,6.343649230187656,-1.1521507298283817,0.4024188555566043,44.7,0.5816554809843401,0.4024188555566043
1109,54.0,Female,North,Graduate,Salaried,2310221.83,2020-11-17,1.0,TXN10109,811286.59,Business,672.06,24.0,46.0,P006,13.08,Credit Builder Loan,Credit Loan,14.5,700.0,2020,11,17,Tuesday,1.0,0,Very High,0,3.0,1.6043699918528833,0.18229720084388185,0.054085772666666664,3.384858760839001,35.11725928068128,3.586770847504921,0.02768759368557317,5.925981714507841,0.8294073633137716,0.3511725928068128,70.43333333333334,0.65309985802177,0.3511725928068128
1110,52.0,Female,East,Graduate,Salaried,635456.18,2021-09-18,0.0,TXN10110,707994.17,Education,635.01,24.0,28.0,P004,11.56,Education Loan,Education Loan,9.25,600.0,2021,9,18,Saturday,1.0,0,Medium,0,2.0,-0.26584123321485437,0.04096676624472575,0.047199611333333336,-0.13585232891364438,111.41510497230509,4.722198314305218,0.008895601709809041,10.555335379432767,0.6635756067855422,1.114151049723051,60.266666666666666,0.4646017699115044,1.114151049723051
1111,57.0,Male,North,Secondary,Salaried,10000000.0,2023-10-05,0.0,TXN10111,192433.52,Home,551.27,12.0,49.0,P003,21.43,Home Loan,Home Loan,8.5,500.0,2023,10,5,Thursday,0.0,1,Very High,0,3.0,10.191547219792117,0.8312236286919832,0.012828901333333333,19.5503964770304,1.9243351999999998,1.073067172800058,0.3419580628103099,1.3872040945729651,-1.036850754324771,0.019243352,35.36666666666667,1.3854853911404335,0.019243352
1112,39.0,Female,East,Secondary,Salaried,700079.72,2019-07-01,0.0,TXN10112,645858.14,Home,707.34,36.0,18.0,P003,16.85,Home Loan,Home Loan,8.5,500.0,2019,7,1,Monday,0.0,0,,1,1.0,-0.19367610974721347,0.04642022953586498,0.04305720933333333,0.0,92.25494205145665,4.535337054990436,0.0107232922781531,9.604943625626163,0.550496629691424,0.9225494205145666,87.26666666666667,0.20626432391138275,0.9225494205145666
1113,44.0,Female,South,Graduate,Unemployed,716989.85,2021-02-09,0.0,TXN10113,273815.14,Education,829.17,6.0,32.0,P004,6.41,Education Loan,Education Loan,9.25,600.0,2021,2,9,Tuesday,1.0,0,High,1,2.0,-0.1747925632979806,0.0478472447257384,0.018254342666666666,0.03554866450727535,38.18954201373981,3.6684099258390908,0.02551701164686745,6.179768767012226,-0.5553365353139543,0.3818954201373981,67.63333333333334,0.4731394775751601,0.3818954201373981
1114,52.0,Male,East,Graduate,Self-Employed,1778202.69,2023-09-15,1.0,TXN10114,339417.04,Home,681.56,18.0,53.0,P003,19.67,Home Loan,Home Loan,8.5,500.0,2023,9,15,Friday,1.0,1,Very High,0,3.0,1.010264083614985,0.13740107088607595,0.022627802666666665,2.266442171533706,19.087646302008462,3.0001050142733727,0.04978184028957216,4.3689410961935,-0.2699847006270013,0.19087646302008462,36.03333333333333,1.4708603145235895,0.19087646302008462
1115,18.0,Female,West,Secondary,Unemployed,497016.48,2023-08-03,0.0,TXN10115,93349.52,Business,682.55,36.0,3.0,P006,13.17,Credit Builder Loan,Credit Loan,14.5,700.0,2023,8,3,Thursday,0.0,0,Low,0,0.0,-0.4204368812298529,0.029284091139240506,0.006223301333333334,-0.42688181536867736,18.781976806885762,2.9847712608817054,0.05055106523286982,4.333817809609186,-2.0767911006081303,0.1878197680688576,37.46666666666667,0.08007117437722419,0.1878197680688576
1116,52.0,Female,South,Graduate,Salaried,779080.54,2019-03-15,0.0,TXN10116,260199.55,Education,738.88,24.0,2.0,P004,6.17,Education Loan,Education Loan,9.25,600.0,2019,3,15,Friday,1.0,0,High,1,0.0,-0.10545587406614612,0.053086965400843886,0.017346636666666665,0.16607640780878974,33.39828639539629,3.5380067490512728,0.029071215597932677,5.779125054486734,-0.6239671536675016,0.3339828639539629,90.86666666666666,0.022010271460014674,0.3339828639539629
1117,54.0,Female,West,Secondary,Salaried,700079.72,2022-10-19,0.0,TXN10117,493287.97,Business,572.11,18.0,33.0,P006,14.35,Credit Builder Loan,Credit Loan,14.5,700.0,2022,10,19,Wednesday,0.0,0,,0,2.0,-0.19367610974721347,0.04642022953586498,0.03288586466666667,0.0,70.4616854206261,4.26916143782827,0.013993512665059092,8.394145901795257,0.21295122605260494,0.704616854206261,47.06666666666667,0.7011331444759207,0.704616854206261
1118,31.0,Female,North,Graduate,Salaried,338684.15,2022-06-04,1.0,TXN10118,418026.74,Home,824.71,36.0,42.0,P003,12.09,Home Loan,Home Loan,8.5,500.0,2022,6,4,Saturday,1.0,0,Low,1,2.0,-0.5972466341986514,0.01592271308016878,0.027868449333333333,-0.7597298112046174,123.42672073671,4.823716954158415,0.008036858916470399,11.109757906305159,0.001236227492242669,1.2342672073671,51.63333333333333,0.8134280180761781,1.2342672073671
1119,20.0,Female,North,Secondary,Salaried,499999.62,2023-01-24,0.0,TXN10119,573990.63,Education,697.2,24.0,19.0,P004,19.92,Education Loan,Education Loan,9.25,600.0,2023,1,24,Tuesday,0.0,0,Low,0,1.0,-0.41710560803712377,0.02953583291139241,0.038266042,-0.420610625079884,114.79821324664208,4.751849135370825,0.008635711829767788,10.714392808117596,0.40380819290359227,1.1479821324664208,43.833333333333336,0.43346007604562736,1.1479821324664208
1120,18.0,Male,North,Graduate,Self-Employed,685885.08,2025-03-27,0.0,TXN10120,418026.74,Home,818.71,36.0,17.0,P003,8.47,Home Loan,Home Loan,8.5,500.0,2025,3,27,Thursday,1.0,1,Medium,1,1.0,-0.20952726782643222,0.04522236962025317,0.027868449333333333,-0.02984013104343676,60.947052529557865,4.126280028727903,0.01614281808683073,7.806859325590405,0.001236227492242669,0.6094705252955787,17.4,0.9770114942528736,0.6094705252955787
1121,22.0,Female,East,Graduate,Salaried,552782.22,2022-05-20,0.0,TXN10121,418026.74,Business,617.69,36.0,44.0,P006,19.05,Credit Builder Loan,Credit Loan,14.5,700.0,2022,5,20,Friday,1.0,0,Medium,0,2.0,-0.3581632652632196,0.03399006075949367,0.027868449333333333,-0.3096504527322019,75.62232012455105,4.338888419740057,0.013051027407868631,8.696109482093188,0.001236227492242669,0.7562232012455105,52.13333333333333,0.8439897698209718,0.7562232012455105
1122,43.0,Female,South,Graduate,Salaried,478305.09,2022-07-22,1.0,TXN10122,363078.18,Education,834.54,36.0,33.0,P004,14.48,Education Loan,Education Loan,9.25,600.0,2022,7,22,Friday,1.0,0,Low,1,2.0,-0.4413318951768013,0.027705070886075954,0.024205212,-0.466217108803724,75.9093280817898,4.342627170608876,0.013002323969552075,8.712595943907292,-0.18165436849550773,0.759093280817898,50.03333333333333,0.6595602931379081,0.759093280817898
1123,31.0,Male,North,Secondary,Salaried,322984.95,2018-11-03,0.0,TXN10123,223677.84,Home,745.89,24.0,12.0,P003,5.93,Home Loan,Home Loan,8.5,500.0,2018,11,3,Saturday,0.0,1,Low,1,0.0,-0.6147779348105211,0.014597886075949371,0.014911856,-0.7927328451158066,69.25333208250105,4.252107738868379,0.014234200291392066,8.321858691572517,-0.8294565909018355,0.6925333208250105,95.26666666666667,0.12596221133659902,0.6925333208250105
1124,56.0,Male,North,Secondary,Salaried,668724.57,2019-09-11,0.0,TXN10124,633091.62,Home,727.01,12.0,49.0,P003,21.52,Home Loan,Home Loan,8.5,500.0,2019,9,11,Wednesday,0.0,1,Medium,1,3.0,-0.2286904136850108,0.043774225316455695,0.042206108,-0.06591514718841872,94.6715057889977,4.560920508972481,0.010452432955382633,9.72992835477208,0.5257873251200726,0.9467150578899771,84.86666666666666,0.577376276512176,0.9467150578899771
1125,44.0,Male,South,Graduate,Self-Employed,700079.72,2021-02-06,0.0,TXN10125,136652.19,Home,699.89,18.0,56.0,P003,13.71,Home Loan,Home Loan,8.5,500.0,2021,2,6,Saturday,1.0,1,,0,3.0,-0.19367610974721347,0.04642022953586498,0.009110146,0.0,19.51951843427203,3.02137655191179,0.04873408716696703,4.418089907898212,-1.5199818339381164,0.1951951843427203,67.73333333333333,0.8267716535433071,0.1951951843427203
1126,26.0,Female,North,Graduate,Salaried,1063277.2,2021-10-27,0.0,TXN10126,553651.53,Education,658.88,24.0,3.0,P004,9.94,Education Loan,Education Loan,9.25,600.0,2021,10,27,Wednesday,1.0,0,Very High,0,0.0,0.2119066080571045,0.077069805907173,0.036910102,0.7635178065696623,52.070290795288386,3.9716172762913144,0.018842934248417206,7.215974694751111,0.35861500944991787,0.5207029079528839,58.96666666666667,0.05087620124364047,0.5207029079528839
1127,32.0,Other,West,Graduate,Salaried,732469.86,2024-08-01,0.0,TXN10127,797512.47,Home,782.05,24.0,43.0,P003,12.98,Home Loan,Home Loan,8.5,500.0,2024,8,1,Thursday,1.0,2,High,1,2.0,-0.15750603221456552,0.04915357468354431,0.053167498,0.06809091474776832,108.87990258056487,4.699387974628253,0.009100845345824652,10.434553300480326,0.8086743700826178,1.0887990258056488,25.333333333333332,1.6973684210526316,1.0887990258056488
1128,32.0,Male,South,Secondary,Salaried,314010.68,2024-02-07,0.0,TXN10128,359158.93,Education,691.93,24.0,49.0,P004,19.58,Education Loan,Education Loan,9.25,600.0,2024,2,7,Wednesday,0.0,1,Low,0,3.0,-0.6247995043899954,0.01384056371308017,0.023943928666666666,-0.8115986559302537,114.37793453394643,4.748213127246657,0.00866716850184019,10.69476201389944,-0.1958418404929475,1.1437793453394642,31.2,1.5705128205128205,1.1437793453394642
1129,43.0,Female,South,Graduate,Salaried,590526.99,2021-10-11,0.0,TXN10129,642012.76,Home,512.8,18.0,55.0,P003,10.18,Home Loan,Home Loan,8.5,500.0,2021,10,11,Monday,1.0,0,Medium,0,3.0,-0.3160136710548598,0.037175273417721526,0.04280085066666667,-0.2303029748810989,108.71861419915794,4.6979190356502105,0.009114223755914653,10.426821864746609,0.5431107130362163,1.0871861419915794,59.5,0.9243697478991597,1.0871861419915794
1130,59.0,Male,South,Post-Graduate,Self-Employed,462845.97,2022-08-27,0.0,TXN10130,273273.7,Education,682.55,6.0,26.0,P004,8.28,Education Loan,Education Loan,9.25,600.0,2022,8,27,Saturday,2.0,1,Low,0,1.0,-0.4585950983919313,0.026400503797468354,0.018218246666666667,-0.4987154438524618,59.04203940675988,4.095044973656066,0.016654997229947757,7.683881792867449,-0.5579936717839096,0.5904203940675988,48.833333333333336,0.5324232081911262,0.5904203940675988
1131,30.0,Other,West,Graduate,Self-Employed,834327.75,2023-10-17,0.0,TXN10131,808783.79,Business,664.2,24.0,35.0,P006,7.19,Credit Builder Loan,Credit Loan,14.5,700.0,2023,10,17,Tuesday,1.0,2,High,0,2.0,-0.04376130068170006,0.05774917721518988,0.053918919333333336,0.2822177108770089,96.93837823325427,4.584338487358783,0.010210501930288827,9.845728933565775,0.8256689249090957,0.9693837823325426,34.96666666666667,1.0009532888465205,0.9693837823325426
1132,49.0,Female,South,Secondary,Unemployed,1463122.43,2024-05-28,1.0,TXN10132,951252.73,Business,706.35,18.0,8.0,P005,10.06,Business Loan,Business Loan,11.75,400.0,2024,5,28,Tuesday,0.0,0,Very High,1,0.0,0.6584138775582382,0.1108120194092827,0.06341684866666666,1.6040769232709733,65.01525166284273,4.189885801130862,0.01514801466041913,8.063203560796586,1.0204936135010743,0.6501525166284273,27.5,0.2909090909090909,0.6501525166284273
1133,56.0,Male,West,Graduate,Self-Employed,249569.01,2025-07-02,0.0,TXN10133,167814.41,Business,675.19,36.0,52.0,P005,18.26,Business Loan,Business Loan,11.75,400.0,2025,7,2,Wednesday,1.0,1,Low,0,3.0,-0.6967615335826237,0.008402448101265824,0.011187627333333333,-0.947068655694806,67.24168597695683,4.223055609457307,0.014653799736683968,8.200102802828562,-1.2281600803109778,0.6724168597695683,14.166666666666666,3.670588235294118,0.6724168597695683
1134,49.0,Male,South,Secondary,Salaried,745715.89,2018-06-30,0.0,TXN10134,272122.25,Home,783.61,6.0,36.0,P003,13.02,Home Loan,Home Loan,8.5,500.0,2018,6,30,Saturday,0.0,1,High,1,2.0,-0.14271418716234338,0.05027138312236287,0.018141483333333333,0.09593686723443196,36.49141095813313,3.6241118656259927,0.02667277582902136,6.040812110812016,-0.5636636833815675,0.3649141095813313,99.46666666666667,0.36193029490616624,0.3649141095813313
1135,21.0,Male,East,Secondary,Self-Employed,640985.8,2024-10-17,0.0,TXN10135,493999.3,Home,514.16,24.0,53.0,P003,8.87,Home Loan,Home Loan,8.5,500.0,2024,10,17,Thursday,0.0,1,Medium,0,3.0,-0.2596663051618703,0.04143340084388186,0.032933286666666665,-0.12422789987420353,77.06868077264737,4.357588961983117,0.012809233998870982,8.778876965343994,0.21477937293073143,0.7706868077264737,22.766666666666666,2.32796486090776,0.7706868077264737
1136,47.0,Male,North,Post-Graduate,Salaried,1012641.33,2022-01-27,0.0,TXN10136,349809.55,Education,692.2,60.0,54.0,P004,7.83,Education Loan,Education Loan,9.25,600.0,2022,1,27,Thursday,2.0,1,High,0,3.0,0.15536151921731925,0.07279673670886076,0.023320636666666665,0.6570705140494978,34.544269489770876,3.570778947468777,0.028133930289038166,5.877437323338368,-0.23038264586968568,0.34544269489770874,55.9,0.9660107334525939,0.34544269489770874
1137,54.0,Male,East,Secondary,Salaried,787086.76,2020-07-02,0.0,TXN10137,392081.71,Home,525.47,12.0,7.0,P003,10.66,Home Loan,Home Loan,8.5,500.0,2020,7,2,Thursday,0.0,1,High,0,0.0,-0.0965153261665867,0.05376259578059073,0.026138780666666667,0.18290717308093354,49.81429366185756,3.9281776863033655,0.019679502123053697,7.057924175128092,-0.08161258136033972,0.4981429366185756,75.03333333333333,0.09329187027987561,0.4981429366185756
1138,40.0,Female,North,Graduate,Self-Employed,462893.59,2022-04-07,0.0,TXN10138,485011.44,Home,744.58,24.0,46.0,P003,20.98,Home Loan,Home Loan,8.5,500.0,2022,4,7,Thursday,1.0,0,Low,1,3.0,-0.45854192112588343,0.026404522362869207,0.032334096,-0.4986153365556026,104.7781715879885,4.661344180443905,0.009453746316348256,10.236120924842012,0.191465405954607,1.047781715879885,53.56666666666667,0.8587429993777224,1.047781715879885
1139,56.0,Female,West,Graduate,Salaried,587338.12,2023-10-15,1.0,TXN10139,215805.41,Home,671.97,12.0,46.0,P003,10.83,Home Loan,Home Loan,8.5,500.0,2023,10,15,Sunday,1.0,0,Medium,0,3.0,-0.3195746829906382,0.036906170464135024,0.014387027333333333,-0.2370066530779735,36.74295991549127,3.6307989659983146,0.026495007340151897,6.061597142296019,-0.8785749763600212,0.3674295991549127,35.03333333333333,1.313035204567079,0.3674295991549127
1140,32.0,Other,East,Graduate,Unemployed,451811.98,2020-11-10,1.0,TXN10140,101529.47,Home,715.67,36.0,36.0,P003,21.8,Home Loan,Home Loan,8.5,500.0,2020,11,10,Tuesday,1.0,2,Low,1,2.0,-0.47091675781651116,0.025469365400843887,0.006768631333333334,-0.5219112210988006,22.471619721106112,3.155792019885014,0.04260464390111014,4.740424002249811,-1.9523102035872848,0.22471619721106112,70.66666666666667,0.5094339622641509,0.22471619721106112
1141,60.0,Other,South,Graduate,Salaried,1265071.93,2022-06-24,1.0,TXN10141,281425.34,Home,606.57,24.0,16.0,P003,13.25,Home Loan,Home Loan,8.5,500.0,2022,6,24,Friday,1.0,2,Very High,0,1.0,0.4372508341018131,0.0940988970464135,0.018761689333333335,1.1877329460219437,22.245797517616253,3.1461243637652827,0.04301852837022153,4.716545082750323,-0.5185869325379979,0.22245797517616253,50.96666666666667,0.31393067364290383,0.22245797517616253
1142,46.0,Female,North,Secondary,Salaried,700079.72,2024-08-28,1.0,TXN10142,805867.38,Business,788.75,24.0,24.0,P006,8.05,Credit Builder Loan,Credit Loan,14.5,700.0,2024,8,28,Wednesday,0.0,0,,1,1.0,-0.19367610974721347,0.04642022953586498,0.053724492,0.0,115.11080195266905,4.754544924450555,0.008612463123005868,10.728970218649554,0.8212966521253758,1.1511080195266905,24.433333333333334,0.9822646657571623,1.1511080195266905
1143,53.0,Male,North,Graduate,Self-Employed,1991682.85,2022-06-27,0.0,TXN10143,1358858.41,Home,768.55,24.0,54.0,P003,20.15,Home Loan,Home Loan,8.5,500.0,2022,6,27,Monday,1.0,1,Very High,1,3.0,1.2486574322970867,0.15541627426160337,0.09059056066666667,2.7152225526898217,68.22664612490888,4.237385848115708,0.014445304748631808,8.259942259175235,1.4382312567994704,0.6822664612490889,50.86666666666667,1.0615989515072084,0.6822664612490889
1144,30.0,Female,East,Graduate,Self-Employed,677030.88,2022-05-02,0.0,TXN10144,392598.48,Education,729.6,48.0,1.0,P004,12.83,Education Loan,Education Loan,9.25,600.0,2022,5,2,Monday,1.0,0,Medium,1,0.0,-0.21941475520652906,0.04447517974683545,0.026173231999999998,-0.048453529360322295,57.98826783203743,4.077338573827926,0.01695252355684336,7.615002812345996,-0.07990439615196589,0.5798826783203743,52.733333333333334,0.018963337547408345,0.5798826783203743
1145,49.0,Female,West,Secondary,Salaried,474118.18,2023-09-18,0.0,TXN10145,474792.62,Home,668.99,12.0,49.0,P003,17.06,Home Loan,Home Loan,8.5,500.0,2023,9,18,Monday,0.0,0,Low,0,3.0,-0.44600741863308213,0.02735174514767933,0.031652841333333334,-0.47501887785648456,100.1422514530027,4.6165279561614625,0.009887064858000174,10.00711004501313,0.1643763492047714,1.001422514530027,35.93333333333333,1.3636363636363638,1.001422514530027
1146,24.0,Male,East,Graduate,Salaried,304459.3,2021-08-01,1.0,TXN10146,312867.62,Education,729.29,6.0,25.0,P004,21.72,Education Loan,Education Loan,9.25,600.0,2021,8,1,Sunday,1.0,1,Low,1,1.0,-0.6354655328524779,0.013034540084388186,0.02085784133333333,-0.8316776738444566,102.76172217435959,4.642097137541609,0.009637465329648398,10.137145662086523,-0.37750852190026213,1.027617221743596,61.86666666666667,0.4040948275862069,1.027617221743596
1147,41.0,Male,West,Secondary,Salaried,700079.72,2020-04-01,1.0,TXN10147,129516.03,Home,619.91,48.0,10.0,P003,5.85,Home Loan,Home Loan,8.5,500.0,2020,4,1,Wednesday,0.0,1,,0,0.0,-0.19367610974721347,0.04642022953586498,0.008634402,0.0,18.50018309343399,2.970423854932492,0.05128156977852764,4.301183917648022,-1.5971245586183687,0.1850018309343399,78.1,0.12804097311139565,0.1850018309343399
1148,45.0,Male,West,Secondary,Salaried,292892.48,2019-08-25,0.0,TXN10148,257247.16,Business,752.72,24.0,54.0,P006,6.64,Credit Builder Loan,Credit Loan,14.5,700.0,2019,8,25,Sunday,0.0,1,Low,1,3.0,-0.6483822036728627,0.012058437130801689,0.017149810666666668,-0.855993572279066,87.829895803402,4.486723257792089,0.011257471270856788,9.371760549832779,-0.6393681937944553,0.8782989580340199,85.43333333333334,0.6320717908700741,0.8782989580340199
1149,19.0,Female,North,Graduate,Salaried,810782.63,2022-06-09,0.0,TXN10149,778091.03,Business,820.21,48.0,16.0,P006,17.25,Credit Builder Loan,Credit Loan,14.5,700.0,2022,6,9,Thursday,1.0,0,High,1,1.0,-0.07005414214257363,0.055762247257383976,0.051872735333333336,0.23272089614740377,95.96789585884444,4.574379953193173,0.010312691547475607,9.796320526546916,0.7787645269683723,0.9596789585884444,51.46666666666667,0.31088082901554404,0.9596789585884444
1150,59.0,Female,East,Secondary,Self-Employed,700079.72,2020-02-24,1.0,TXN10150,775420.63,Home,771.0,24.0,16.0,P003,9.79,Home Loan,Home Loan,8.5,500.0,2020,2,24,Monday,0.0,0,,1,1.0,-0.19367610974721347,0.04642022953586498,0.051694708666666665,0.0,110.76176153195811,4.716369476563559,0.008947604138415905,10.524341382336384,0.7745881123695971,1.1076176153195811,79.33333333333333,0.20168067226890757,1.1076176153195811
1151,23.0,Male,East,Graduate,Salaried,12000000.0,2021-04-26,0.0,TXN10151,90701.79,Business,617.98,36.0,58.0,P005,8.13,Business Loan,Business Loan,11.75,400.0,2021,4,26,Monday,1.0,1,Very High,0,3.0,12.424947725788568,1.0,0.006046785999999999,23.754818856666194,0.75584825,0.5629520734832306,0.5695252992392708,0.869395335851303,-2.119662633403091,0.0075584825,65.1,0.8909370199692781,0.0075584825
1152,45.0,Male,West,Graduate,Self-Employed,1145219.28,2019-11-02,0.0,TXN10152,1225015.0,Business,710.72,24.0,8.0,P006,5.67,Credit Builder Loan,Credit Loan,14.5,700.0,2019,11,2,Saturday,1.0,1,Very High,1,0.0,0.30341134952430543,0.08398474936708862,0.08166766666666667,0.9357773640626158,106.967724120048,4.681832331719142,0.009262027222951483,10.34252020157795,1.3182354321985839,1.06967724120048,83.13333333333334,0.09623095429029671,1.06967724120048
1153,45.0,Female,East,Post-Graduate,Salaried,536677.18,2021-06-20,0.0,TXN10153,384287.31,Business,570.08,36.0,29.0,P005,5.37,Business Loan,Business Loan,11.75,400.0,2021,6,20,Sunday,2.0,0,Medium,0,2.0,-0.37614776750576606,0.032630985654008446,0.025619153999999998,-0.3435066480326665,71.6049283109075,4.28503280259715,0.013773169718146657,8.461969529069902,-0.10768036580015979,0.7160492831090749,63.266666666666666,0.458377239199157,0.7160492831090749
1154,41.0,Male,South,Secondary,Salaried,758859.38,2021-01-01,0.0,TXN10154,338903.6,Business,728.65,48.0,39.0,P005,18.17,Business Loan,Business Loan,11.75,400.0,2021,1,1,Friday,0.0,1,High,1,2.0,-0.12803684855406375,0.05138053839662447,0.022593573333333332,0.12356725898569158,44.659604787384986,3.8212139855097655,0.02190119701334524,6.682784209248791,-0.2719755537462424,0.4465960478738498,68.93333333333334,0.5657640232108317,0.4465960478738498
1155,47.0,Male,South,Secondary,Self-Employed,1699011.14,2024-12-01,0.0,TXN10155,1013442.47,Home,718.3,24.0,28.0,P003,7.29,Home Loan,Home Loan,8.5,500.0,2024,12,1,Sunday,0.0,1,Very High,1,2.0,0.9218308596946633,0.13071823966244725,0.06756283133333334,2.0999648089846823,59.64895968839852,4.105102482537237,0.01648832898598406,7.723273897020519,1.0957201511322363,0.5964895968839852,21.266666666666666,1.316614420062696,0.5964895968839852
1156,28.0,Female,East,Secondary,Salaried,1146354.24,2023-06-21,0.0,TXN10156,217176.4,Education,521.07,12.0,6.0,P004,12.95,Education Loan,Education Loan,9.25,600.0,2023,6,21,Wednesday,0.0,0,Very High,0,0.0,0.30467875964344826,0.08408052658227849,0.014478426666666665,0.9381632896746114,18.944964167446184,2.9929766887875027,0.050137969243995044,4.352581322324281,-0.8698811686560145,0.18944964167446182,38.9,0.15424164524421594,0.18944964167446182
1157,45.0,Female,East,Graduate,Salaried,603887.84,2025-02-21,0.0,TXN10157,418026.74,Home,581.25,18.0,16.0,P003,15.3,Home Loan,Home Loan,8.5,500.0,2025,2,21,Friday,1.0,0,Medium,0,1.0,-0.30109360647958844,0.03830277130801688,0.027868449333333333,-0.2022156465056205,69.22257947767254,4.2516699042961985,0.014240433880927897,8.32001078591083,0.001236227492242669,0.6922257947767254,18.533333333333335,0.8633093525179856,0.6922257947767254
1158,42.0,Female,West,Graduate,Salaried,428771.7,2018-04-11,1.0,TXN10158,408972.78,Home,655.93,12.0,20.0,P003,12.28,Home Loan,Home Loan,8.5,500.0,2018,4,11,Wednesday,1.0,0,Low,0,1.0,-0.4966458443216611,0.023525037974683548,0.027264852000000003,-0.5703467555313381,95.38240979990051,4.568323714011261,0.010375337181090405,9.76639185164616,-0.027019090263195933,0.9538240979990051,102.13333333333334,0.19582245430809397,0.9538240979990051
1159,56.0,Female,South,Secondary,Unemployed,214343.93,2025-01-05,0.0,TXN10159,50000.0,Business,654.43,12.0,16.0,P005,5.46,Business Loan,Business Loan,11.75,400.0,2025,1,5,Sunday,0.0,0,Low,0,1.0,-0.7360973893305064,0.005429867510548523,0.0033333333333333335,-1.0211192130330367,23.32699601057049,3.1915866806386757,0.04110659612742499,4.829802895623225,-3.034044426010817,0.2332699601057049,20.1,0.7960199004975124,0.2332699601057049
1160,50.0,Female,South,Post-Graduate,Self-Employed,471324.12,2022-11-15,1.0,TXN10160,276853.02,Home,577.19,18.0,7.0,P003,18.32,Home Loan,Home Loan,8.5,500.0,2022,11,15,Tuesday,2.0,0,Low,0,0.0,-0.44912754614197437,0.02711595949367089,0.018456868,-0.48089258205350716,58.739412699693794,4.089991981800466,0.016739367777633435,7.664164187939464,-0.5405340078866728,0.5873941269969379,46.166666666666664,0.1516245487364621,0.5873941269969379
1161,18.0,Female,North,Secondary,Salaried,623256.84,2018-06-25,0.0,TXN10161,435429.48,Education,713.06,24.0,41.0,P004,5.18,Education Loan,Education Loan,9.25,600.0,2018,6,25,Monday,0.0,0,Medium,1,2.0,-0.27946423927926584,0.03993728607594937,0.029028632,-0.16149791797003762,69.86357020967472,4.260756482160118,0.01411162318016365,8.358443049376763,0.053710155554507,0.6986357020967472,99.63333333333334,0.4115088658414185,0.6986357020967472
1162,44.0,Female,West,Graduate,Salaried,406722.69,2018-08-26,0.0,TXN10162,84340.51,Business,701.38,24.0,14.0,P005,17.95,Business Loan,Business Loan,11.75,400.0,2018,8,26,Sunday,1.0,0,Low,1,0.0,-0.5212679793670215,0.021664362025316457,0.005622700666666666,-0.6166984310777448,20.736612948739104,3.0789980714291985,0.04600532761742937,4.553747132718186,-2.228532271195637,0.20736612948739103,97.56666666666666,0.1434916296549368,0.20736612948739103
1163,30.0,Female,North,Graduate,Salaried,651247.01,2021-01-27,1.0,TXN10163,763087.01,Business,663.49,24.0,43.0,P005,20.19,Business Loan,Business Loan,11.75,400.0,2021,1,27,Wednesday,1.0,0,Medium,0,2.0,-0.24820760935880243,0.04229932573839663,0.05087246733333333,-0.1026566693911323,117.17320744397736,4.77215140790741,0.008462155014909553,10.824657382290553,0.7550920773114976,1.1717320744397737,68.06666666666666,0.6317335945151812,1.1717320744397737
1164,58.0,Male,South,Post-Graduate,Self-Employed,730222.2,2025-12-28,1.0,TXN10164,282911.15,Business,615.76,36.0,26.0,P006,12.36,Credit Builder Loan,Credit Loan,14.5,700.0,2025,12,28,Sunday,2.0,1,High,0,1.0,-0.16001599470521954,0.04896389873417722,0.018860743333333336,0.06336585874486216,38.74315927398538,3.682437732554298,0.02516156285176273,6.2244003144066316,-0.5115390708373923,0.3874315927398538,8.2,3.1707317073170733,0.3874315927398538
1165,20.0,Male,West,Graduate,Self-Employed,618569.49,2023-06-01,0.0,TXN10165,290361.87,Home,769.14,12.0,26.0,P003,14.1,Home Loan,Home Loan,8.5,500.0,2023,6,1,Thursday,1.0,1,Medium,1,1.0,-0.284698604210157,0.039541729113924055,0.019357458,-0.1713517175906305,46.94086512414313,3.8699682748205317,0.020859031171225104,6.851340388868672,-0.4767980273810708,0.4694086512414313,39.56666666666667,0.6571187868576243,0.4694086512414313
1166,56.0,Male,East,Post-Graduate,Salaried,489595.19,2024-12-17,0.0,TXN10166,229688.51,Home,820.71,12.0,14.0,P003,13.11,Home Loan,Home Loan,8.5,500.0,2024,12,17,Tuesday,2.0,1,Low,1,0.0,-0.42872423765042605,0.028657821940928273,0.015312567333333334,-0.44248293424956103,46.91396375850833,3.869406980900243,0.02087074250504739,6.8493768883387,-0.7932127343418519,0.4691396375850833,20.733333333333334,0.67524115755627,0.4691396375850833
1167,41.0,Female,West,Graduate,Salaried,768038.92,2023-06-27,0.0,TXN10167,301023.25,Home,638.9,12.0,7.0,P003,11.62,Home Loan,Home Loan,8.5,500.0,2023,6,27,Tuesday,1.0,0,High,0,0.0,-0.11778605391365639,0.05215518312236288,0.020068216666666666,0.14286459069107266,39.1937494521762,3.6937114972714595,0.02487949030955253,6.260491151034095,-0.42874926373794453,0.39193749452176196,38.7,0.1808785529715762,0.39193749452176196
1168,25.0,Female,East,Post-Graduate,Salaried,700079.72,2022-03-18,0.0,TXN10168,135272.55,Home,627.97,24.0,33.0,P003,20.09,Home Loan,Home Loan,8.5,500.0,2022,3,18,Friday,2.0,0,,0,2.0,-0.19367610974721347,0.04642022953586498,0.009018169999999999,0.0,19.322449449042743,3.0117261591975706,0.04920666686894396,4.395730820812705,-1.5345464523332848,0.19322449449042745,54.233333333333334,0.6084818684695759,0.19322449449042745
1169,44.0,Female,East,Secondary,Self-Employed,384275.92,2020-01-25,0.0,TXN10169,351924.51,Home,721.75,12.0,26.0,P003,20.2,Home Loan,Home Loan,8.5,500.0,2020,1,25,Saturday,0.0,0,Low,1,1.0,-0.5463342931050145,0.019770119831223627,0.023461634000000002,-0.6638862821470135,91.58120290233123,4.528086128630955,0.010801328656908384,9.569806837252841,-0.22248122687436042,0.9158120290233123,80.33333333333333,0.3236514522821577,0.9158120290233123
1170,26.0,Male,West,Post-Graduate,Self-Employed,1520954.15,2024-03-08,0.0,TXN10170,1772197.18,Home,682.55,18.0,57.0,P003,10.71,Home Loan,Home Loan,8.5,500.0,2024,3,8,Friday,2.0,1,Very High,0,3.0,0.7229945739135607,0.11569233333333333,0.11814647866666667,1.7256514121813888,116.51877737405825,4.766598128255159,0.008509278451876965,10.794386382470208,1.7401877961053687,1.1651877737405825,30.2,1.8874172185430464,1.1651877737405825
1171,54.0,Male,East,Graduate,Salaried,663054.28,2021-02-20,0.0,TXN10171,255612.84,Business,668.15,24.0,45.0,P006,15.46,Credit Builder Loan,Credit Loan,14.5,700.0,2021,2,20,Saturday,1.0,1,Medium,0,3.0,-0.23502242796258405,0.043295719831223635,0.017040856,-0.07783529427593108,38.550816684269044,3.677586343413085,0.025283927964949972,6.208930397763293,-0.6479770722193027,0.38550816684269046,67.26666666666667,0.6689791873141725,0.38550816684269046
1172,50.0,Male,North,Post-Graduate,Salaried,707294.85,2021-11-12,0.0,TXN10172,598512.59,Education,742.87,36.0,20.0,P004,20.76,Education Loan,Education Loan,9.25,600.0,2021,11,12,Friday,2.0,1,High,1,1.0,-0.18561897225079838,0.047029101265822784,0.039900839333333334,0.015167727021990821,84.61995587837237,4.449918385397494,0.011679520150892771,9.198910581061888,0.4560178362755128,0.8461995587837237,58.43333333333333,0.3422703936109527,0.8461995587837237
1173,59.0,Male,South,Graduate,Salaried,1033388.27,2018-05-20,0.0,TXN10173,960008.55,Home,517.7,6.0,3.0,P003,21.35,Home Loan,Home Loan,8.5,500.0,2018,5,20,Sunday,1.0,1,Very High,0,0.0,0.1785296323642583,0.07454753333333335,0.06400057,0.7006849634719785,92.89911428934644,4.542220953681408,0.010649727716478125,9.638418661240362,1.031405686939814,0.9289911428934644,100.83333333333333,0.02975206611570248,0.9289911428934644
1174,41.0,Female,East,Graduate,Unemployed,795801.04,2019-06-25,1.0,TXN10174,828306.85,Education,792.06,36.0,52.0,P004,13.65,Education Loan,Education Loan,9.25,600.0,2019,6,25,Tuesday,1.0,0,High,1,3.0,-0.08678408748588928,0.054497978059071736,0.05522045666666667,0.20122643000813992,104.0846654334606,4.6547663627036515,0.009516136306616478,10.202189247091068,0.854500074954284,1.040846654334606,87.46666666666667,0.5945121951219512,1.040846654334606
1175,32.0,Male,North,Graduate,Salaried,1182404.65,2021-11-15,0.0,TXN10175,702065.36,Home,686.18,36.0,4.0,P003,12.7,Home Loan,Home Loan,8.5,500.0,2021,11,15,Monday,1.0,1,Very High,0,0.0,0.34493626161113794,0.0871227552742616,0.04680435733333333,1.0139488649741344,59.37606554575036,4.100592760607895,0.016562854683570653,7.7055866451393795,0.6532645909499785,0.5937606554575036,58.333333333333336,0.06857142857142857,0.5937606554575036
1176,41.0,Male,East,Graduate,Self-Employed,819749.35,2018-09-27,0.0,TXN10176,383706.19,Home,645.02,36.0,26.0,P003,9.74,Home Loan,Home Loan,8.5,500.0,2018,9,27,Thursday,1.0,1,High,0,1.0,-0.06004100365000942,0.05651893248945147,0.025580412666666667,0.2515708352673677,46.80774556271378,3.8671876674311334,0.02091711266092246,6.841618636164528,-0.1096470385033061,0.46807745562713776,96.5,0.2694300518134715,0.46807745562713776
1177,49.0,Male,South,Secondary,Salaried,499815.87,2020-11-01,1.0,TXN10177,245689.44,Business,672.42,60.0,11.0,P006,21.3,Credit Builder Loan,Credit Loan,14.5,700.0,2020,11,1,Sunday,0.0,1,Low,0,0.0,-0.4173108017086122,0.029520326582278482,0.016379296,-0.42099690638601306,49.15599018494551,3.915137952637737,0.01993779798410108,7.011133302465836,-0.7015789469096467,0.4915599018494551,70.96666666666667,0.15500234852043213,0.4915599018494551
1178,41.0,Male,North,Secondary,Salaried,853979.57,2023-03-06,0.0,TXN10178,767089.2,Education,676.81,6.0,2.0,P004,7.43,Education Loan,Education Loan,9.25,600.0,2023,3,6,Monday,0.0,1,High,0,0.0,-0.021816108315824524,0.05940755864978903,0.051139279999999995,0.323529986781296,89.82524019866189,4.508937222735334,0.011010155302784796,9.477617854643745,0.7614560426098973,0.8982524019866189,42.46666666666667,0.04709576138147566,0.8982524019866189
1179,58.0,Female,South,Secondary,Salaried,373168.82,2019-05-21,1.0,TXN10179,376011.79,Business,532.85,12.0,14.0,P006,14.86,Credit Builder Loan,Credit Loan,14.5,700.0,2019,5,21,Tuesday,0.0,0,Low,0,0.0,-0.5587375944850911,0.018832811814346,0.025067452666666667,-0.6872357520534399,100.76184553682698,4.622635235599002,0.009826865803432252,10.038020000818237,-0.1359990296013658,1.0076184553682699,88.63333333333334,0.15795411808950732,1.0076184553682699
1180,29.0,Female,South,Secondary,Salaried,743068.45,2021-02-03,0.0,TXN10180,253159.46,Home,807.07,48.0,44.0,P003,9.8,Home Loan,Home Loan,8.5,500.0,2021,2,3,Wednesday,0.0,0,High,1,2.0,-0.14567058408014108,0.05004797046413502,0.016877297333333333,0.09037138924206034,34.06946695153051,3.5573308644794155,0.028514833184721613,5.836905597277594,-0.6610142761307592,0.3406946695153051,67.83333333333333,0.6486486486486487,0.3406946695153051
1181,56.0,Male,North,Post-Graduate,Salaried,687322.66,2023-09-11,0.0,TXN10181,370802.36,Business,683.51,24.0,30.0,P006,9.74,Credit Builder Loan,Credit Loan,14.5,700.0,2023,9,11,Monday,2.0,1,Medium,0,2.0,-0.20792192187672695,0.04534368438818566,0.024720157333333333,-0.02681803428117819,53.9488047724194,4.006401929428709,0.018198757991946944,7.34498500831822,-0.15417810672035417,0.539488047724194,36.166666666666664,0.8294930875576038,0.539488047724194
1182,19.0,Female,North,Secondary,Self-Employed,624290.66,2023-02-16,1.0,TXN10182,684870.08,Education,717.66,24.0,49.0,P004,11.88,Education Loan,Education Loan,9.25,600.0,2023,2,16,Thursday,0.0,0,Medium,1,3.0,-0.2783097722237111,0.0400245282700422,0.04565800533333333,-0.15932460999777995,109.70372037922206,4.70685744691158,0.009033120084622644,10.473954381188705,0.6228112961766419,1.0970372037922207,43.06666666666667,1.1377708978328172,1.0970372037922207
1183,41.0,Female,North,Post-Graduate,Salaried,652221.81,2020-12-28,1.0,TXN10183,650283.53,Education,760.88,36.0,12.0,P004,21.98,Education Loan,Education Loan,9.25,600.0,2020,12,28,Monday,2.0,0,Medium,1,0.0,-0.2471190499521797,0.042381587341772164,0.043352235333333336,-0.10060743392329771,99.70281889224157,4.612173792304335,0.009930208617795136,9.985129888601428,0.5589371830706868,0.9970281889224157,69.06666666666666,0.17374517374517376,0.9970281889224157
1184,54.0,Female,West,Graduate,Salaried,248654.25,2020-03-23,1.0,TXN10184,294431.82,Education,593.2,36.0,26.0,P004,5.93,Education Loan,Education Loan,9.25,600.0,2020,3,23,Monday,1.0,0,Low,0,1.0,-0.6977830463060564,0.008325253164556965,0.019628788,-0.9489916744028039,118.41012972832759,4.78256403595562,0.00837449889950811,10.881641867306955,-0.458230867519043,1.1841012972832758,78.4,0.33163265306122447,1.1841012972832758
1185,34.0,Male,North,Secondary,Salaried,517640.84,2018-12-28,0.0,TXN10185,418026.74,Business,720.25,60.0,44.0,P005,14.84,Business Loan,Business Loan,11.75,400.0,2018,12,28,Friday,0.0,1,Medium,1,2.0,-0.3974056531999263,0.03102454345991562,0.027868449333333333,-0.38352505499384465,80.7561358566685,4.4037408633114605,0.0122314978505486,8.986441779518103,0.001236227492242669,0.8075613585666849,93.43333333333334,0.4709240099892972,0.8075613585666849
1186,19.0,Female,North,Graduate,Salaried,736673.68,2021-12-27,1.0,TXN10186,414640.44,Education,657.25,60.0,33.0,P004,6.4,Education Loan,Education Loan,9.25,600.0,2021,12,27,Monday,1.0,0,High,0,2.0,-0.15281162535700643,0.04950832742616035,0.027642696,0.07692823219174874,56.28549672088189,4.048047480354201,0.017456425399825098,7.5023660748381165,-0.009252427650642502,0.5628549672088189,56.93333333333333,0.5796252927400469,0.5628549672088189
1187,19.0,Female,North,Graduate,Self-Employed,764331.31,2020-07-17,0.0,TXN10187,588664.84,Education,751.98,36.0,13.0,P004,7.63,Education Loan,Education Loan,9.25,600.0,2020,7,17,Friday,1.0,0,High,1,0.0,-0.12192634293867512,0.051842304641350215,0.039244322666666664,0.13507041146159193,77.01697317620024,4.356926407840176,0.01281772362203176,8.77593147057338,0.4353377320835592,0.7701697317620024,74.53333333333333,0.1744186046511628,0.7701697317620024
1188,45.0,Male,North,Graduate,Salaried,700079.72,2018-04-10,1.0,TXN10188,7000000.0,Business,499.19,18.0,14.0,P006,12.47,Credit Builder Loan,Credit Loan,14.5,700.0,2018,4,10,Tuesday,1.0,1,,0,0.0,-0.19367610974721347,0.04642022953586498,0.4666666666666667,0.0,999.8861272541934,6.908641013857356,0.000999114657272127,31.620976064223466,3.1852213655284323,9.998861272541934,102.16666666666667,0.1370309951060359,9.998861272541934
1189,40.0,Male,East,Graduate,Unemployed,1404195.26,2022-08-09,0.0,TXN10189,326304.94,Business,671.58,48.0,24.0,P006,13.68,Credit Builder Loan,Credit Loan,14.5,700.0,2022,8,9,Tuesday,1.0,1,Very High,0,1.0,0.5926098919107688,0.10583926244725739,0.021753662666666666,1.480199567112672,23.23786080861717,3.1879159068372234,0.04125776642980286,4.8205664406392295,-0.32188950487754153,0.23237860808617172,49.43333333333333,0.4855023600809171,0.23237860808617172
1190,41.0,Other,West,Graduate,Salaried,434712.19,2023-08-19,0.0,TXN10190,313741.26,Home,628.76,6.0,34.0,P003,9.4,Home Loan,Home Loan,8.5,500.0,2023,8,19,Saturday,1.0,2,Low,0,2.0,-0.4900120976357277,0.02402634514767933,0.020916084,-0.5578585909803367,72.17217902263104,4.292815280726275,0.013666396345675522,8.495421062115229,-0.37381350248795153,0.7217217902263104,36.93333333333333,0.92057761732852,0.7217217902263104
1191,49.0,Female,South,Secondary,Salaried,1193066.06,2025-07-07,0.0,TXN10191,1067539.85,Education,682.55,12.0,44.0,P004,10.38,Education Loan,Education Loan,9.25,600.0,2025,7,7,Monday,0.0,0,Very High,0,2.0,0.3568418608554559,0.08802245232067511,0.07116932333333334,1.0363614003753712,89.47868737461194,4.505114324348653,0.011052326564593788,9.459317489893863,1.1571544573064498,0.8947868737461193,14.0,3.142857142857143,0.8947868737461193
1192,50.0,Male,North,Post-Graduate,Self-Employed,885397.98,2020-11-18,1.0,TXN10192,288362.94,Home,719.95,48.0,26.0,P003,6.48,Home Loan,Home Loan,8.5,500.0,2020,11,18,Wednesday,2.0,1,High,1,1.0,0.013268838079977495,0.062058901265822794,0.019224196,0.3895781198495826,32.56873705539739,3.5135951890568835,0.0297896223605235,5.706902579806089,-0.48602187459432705,0.32568737055397395,70.4,0.36931818181818177,0.32568737055397395
1193,18.0,Female,East,Post-Graduate,Self-Employed,490612.85,2024-11-14,0.0,TXN10193,475729.27,Home,682.55,12.0,21.0,P003,10.15,Home Loan,Home Loan,8.5,500.0,2024,11,14,Thursday,2.0,0,Low,0,1.0,-0.4275878164709599,0.02874370042194093,0.03171528466666667,-0.440343598010131,96.96632894959846,4.584623837485748,0.010207588777920608,9.847148264832741,0.16688578552720085,0.9696632894959846,21.833333333333332,0.9618320610687023,0.9696632894959846
1194,36.0,Male,East,Graduate,Self-Employed,1858456.02,2020-07-09,0.0,TXN10194,1417930.24,Education,619.47,12.0,28.0,P004,21.43,Education Loan,Education Loan,9.25,600.0,2020,7,9,Thursday,1.0,1,Very High,0,2.0,1.0998829975299351,0.14417350379746835,0.09452868266666667,2.435151619879855,76.29614178332828,4.347644042100995,0.012937256335550842,8.73476626953053,1.4871318059835175,0.7629614178332829,74.8,0.37433155080213903,0.7629614178332829
1195,19.0,Male,East,Secondary,Salaried,363064.35,2024-09-03,1.0,TXN10195,417463.32,Business,670.59,12.0,48.0,P005,21.06,Business Loan,Business Loan,11.75,400.0,2024,9,3,Tuesday,0.0,1,Low,0,3.0,-0.5700212586905041,0.017980113924050634,0.027830888,-0.7084774819546191,114.98328602078394,4.753446094697251,0.008621931955099136,10.723025973146942,-0.00050242764226385,1.1498328602078394,24.233333333333334,1.9807427785419531,1.1498328602078394
1196,43.0,Male,South,Graduate,Salaried,1160510.33,2019-09-24,0.0,TXN10196,225769.64,Business,603.79,48.0,36.0,P006,10.69,Credit Builder Loan,Credit Loan,14.5,700.0,2019,9,24,Tuesday,1.0,1,Very High,0,2.0,0.320486868927914,0.08527513333333335,0.015051309333333334,0.9679223804766809,19.45434126381279,3.018195146698181,0.048889376934820684,4.410707569519066,-0.8167234005431315,0.1945434126381279,84.43333333333334,0.4263718910382945,0.1945434126381279
1197,49.0,Male,North,Secondary,Unemployed,1213665.76,2019-11-13,1.0,TXN10197,520167.97,Home,751.57,24.0,40.0,P003,14.7,Home Loan,Home Loan,8.5,500.0,2019,11,13,Wednesday,0.0,1,Very High,1,2.0,0.3798455510571434,0.08976082362869199,0.03467786466666666,1.0796663202222627,42.859244047553915,3.780985507263322,0.022800210576264395,6.546697186181282,0.2800998936667076,0.4285924404755391,82.76666666666667,0.48328634716069274,0.4285924404755391
1198,23.0,Male,West,Secondary,Salaried,484074.69,2024-01-14,0.0,TXN10198,378368.06,Education,648.62,36.0,2.0,P004,20.46,Education Loan,Education Loan,9.25,600.0,2024,1,14,Sunday,0.0,1,Low,0,0.0,-0.43488898139710275,0.028191956962025318,0.025224537333333335,-0.45408819112295074,78.1631570119892,4.371511001343737,0.012632138961418009,8.840992987893905,-0.1278669108611032,0.781631570119892,32.0,0.0625,0.781631570119892
1199,49.0,Male,West,Secondary,Salaried,1505584.16,2024-07-10,0.0,TXN10199,694658.33,Home,432.91,12.0,42.0,P003,5.11,Home Loan,Home Loan,8.5,500.0,2024,7,10,Wednesday,0.0,1,Very High,0,2.0,0.7058309021919805,0.11439528776371309,0.04631055533333333,1.6933404472159996,46.138791072297145,3.8530962517038936,0.02121395091499678,6.792554090494764,0.6402478670872416,0.4613879107229715,26.066666666666666,1.6112531969309463,0.4613879107229715
1200,21.0,Female,East,Graduate,Salaried,610058.44,2024-04-26,0.0,TXN10200,549141.28,Business,648.14,36.0,9.0,P005,18.78,Business Loan,Business Loan,11.75,400.0,2024,4,26,Friday,1.0,0,Medium,0,0.0,-0.2942028958984376,0.0388234970464135,0.03660941866666667,-0.1892437421377302,90.01453696796655,4.511019240659404,0.010987255808947967,9.487599115053637,0.348346814724285,0.9001453696796655,28.566666666666666,0.31505250875145857,0.9001453696796655
1201,28.0,Male,South,Post-Graduate,Salaried,820457.27,2023-10-31,0.0,TXN10201,776936.56,Business,591.72,36.0,23.0,P006,21.12,Credit Builder Loan,Credit Loan,14.5,700.0,2023,10,31,Tuesday,2.0,1,High,0,1.0,-0.05925046920690687,0.05657867257383967,0.05179577066666667,0.2530590326128636,94.69555434617577,4.561171843316936,0.0104498062301048,9.731164079706794,0.7769609054158959,0.9469555434617577,34.5,0.6666666666666666,0.9469555434617577
1202,34.0,Male,South,Graduate,Salaried,807753.83,2020-01-24,1.0,TXN10202,208111.12,Education,541.34,18.0,15.0,P004,6.55,Education Loan,Education Loan,9.25,600.0,2020,1,24,Friday,1.0,1,High,0,1.0,-0.07343640386885471,0.0555066523206751,0.013874074666666666,0.2263537188956832,25.76417619709708,3.28706428426077,0.0373633768002343,5.075842412555485,-0.9285170015083853,0.2576417619709708,80.36666666666666,0.18664454583160517,0.2576417619709708
1203,55.0,Female,South,Graduate,Unemployed,650154.83,2022-01-04,1.0,TXN10203,448312.43,Business,574.82,24.0,13.0,P005,7.74,Business Loan,Business Loan,11.75,400.0,2022,1,4,Tuesday,1.0,0,Medium,0,0.0,-0.24942724704112207,0.04220715864978903,0.029887495333333333,-0.10495266240842771,68.95471806308045,4.247848147915966,0.01429496147919955,8.303897763284448,0.09109657355949144,0.6895471806308046,56.666666666666664,0.22941176470588237,0.6895471806308046
1204,41.0,Male,West,Graduate,Salaried,1093375.4,2019-12-21,0.0,TXN10204,748235.14,Education,689.3,12.0,23.0,P004,21.33,Education Loan,Education Loan,9.25,600.0,2019,12,21,Saturday,1.0,1,Very High,0,1.0,0.24551727561189565,0.07960973839662447,0.04988234266666667,0.8267905794030392,68.43350783271693,4.240369572788893,0.014402268173016056,8.272454764621981,0.7311519815350558,0.6843350783271693,81.5,0.2822085889570552,0.6843350783271693
1205,22.0,Female,East,Graduate,Salaried,1083009.62,2018-03-16,1.0,TXN10205,582382.8,Education,792.93,60.0,17.0,P004,14.14,Education Loan,Education Loan,9.25,600.0,2018,3,16,Friday,1.0,0,Very High,1,1.0,0.23394180646337193,0.07873498902953588,0.03882552,0.804999520695849,53.77448078439044,4.003224406374813,0.01825667693567583,7.333108534884128,0.4219465342570642,0.5377448078439044,103.0,0.1650485436893204,0.5377448078439044
1206,51.0,Male,North,Graduate,Salaried,267571.75,2021-07-17,1.0,TXN10206,302241.32,Home,706.62,36.0,48.0,P003,5.24,Home Loan,Home Loan,8.5,500.0,2021,7,17,Saturday,1.0,1,Low,1,3.0,-0.6766578692699624,0.009921666666666667,0.020149421333333334,-0.9092230942194237,112.95711150373684,4.735822162728422,0.00877523119710882,10.628128316111772,-0.4233786537849316,1.1295711150373684,62.36666666666667,0.7696419027258151,1.1295711150373684
1207,23.0,Male,West,Post-Graduate,Self-Employed,1434350.58,2023-04-07,0.0,TXN10207,1461433.47,Home,628.45,60.0,60.0,P003,9.38,Home Loan,Home Loan,8.5,500.0,2023,4,7,Friday,2.0,1,Very High,0,3.0,0.6262843453840113,0.10838401518987344,0.097428898,1.5435924182492116,101.88816391038793,4.633642611057804,0.00971929094653653,10.093966708404974,1.5217381765818803,1.0188816391038793,41.4,1.4492753623188406,1.0188816391038793
1208,39.0,Male,East,Secondary,Salaried,280538.16,2025-04-27,0.0,TXN10208,247454.25,Education,718.75,18.0,2.0,P004,12.65,Education Loan,Education Loan,9.25,600.0,2025,4,27,Sunday,0.0,1,Low,1,0.0,-0.6621782759424837,0.011015878481012658,0.01649695,-0.8819649620256571,88.20698403382985,4.490959332864349,0.011209884638861585,9.391857326100618,-0.6918746820947239,0.8820698403382985,16.366666666666667,0.12219959266802444,0.8820698403382985
1209,28.0,Male,East,Post-Graduate,Salaried,1235190.82,2018-03-03,0.0,TXN10209,1111724.81,Education,640.98,36.0,20.0,P004,16.78,Education Loan,Education Loan,9.25,600.0,2018,3,3,Saturday,2.0,1,Very High,0,1.0,0.40388259100494545,0.09157728438818567,0.07411498733333334,1.1249165422157645,90.00429666405714,4.510906721490746,0.01098849215539246,9.487059431881786,1.2048530355699354,0.9000429666405714,103.43333333333334,0.19336126329358685,0.9000429666405714
1210,33.0,Male,North,Graduate,Self-Employed,1300843.48,2020-05-23,1.0,TXN10210,825777.98,Home,620.96,36.0,20.0,P003,17.46,Home Loan,Home Loan,8.5,500.0,2020,5,23,Saturday,1.0,1,Very High,0,1.0,0.4771969330369518,0.09711759324894516,0.05505186533333333,1.2629322987090743,63.48019517305802,4.166358125071243,0.01550863792077716,7.967445962983246,0.850807723598562,0.6348019517305802,76.36666666666666,0.2618943692710607,0.6348019517305802
1211,50.0,Male,North,Graduate,Self-Employed,384156.03,2018-11-16,0.0,TXN10211,429119.28,Business,581.88,36.0,59.0,P006,21.92,Credit Builder Loan,Credit Loan,14.5,700.0,2018,11,16,Friday,1.0,1,Low,0,3.0,-0.5464681742983464,0.019760002531645574,0.028607952000000002,-0.6641383162465607,111.70442385090244,4.724768673610764,0.008872766177509659,10.569031358213602,0.03495313697148037,1.1170442385090245,94.83333333333333,0.6221441124780317,1.1170442385090245
1212,26.0,Male,North,Graduate,Self-Employed,558431.79,2023-11-20,0.0,TXN10212,491043.14,Home,531.09,60.0,46.0,P003,9.89,Home Loan,Home Loan,8.5,500.0,2023,11,20,Monday,1.0,1,Medium,0,3.0,-0.35185438901488836,0.034466817721518994,0.032736209333333335,-0.2977738634605422,87.93251902797296,4.487877868974314,0.011244480769576072,9.377234081965373,0.20716292429257818,0.8793251902797296,33.833333333333336,1.3596059113300492,0.8793251902797296
1213,23.0,Male,South,Graduate,Unemployed,381054.64,2021-12-23,0.0,TXN10213,15000000.0,Education,646.86,24.0,3.0,P004,14.15,Education Loan,Education Loan,9.25,600.0,2021,12,23,Thursday,1.0,1,Low,0,0.0,-0.5499314972959926,0.019498281856540088,1.0,-0.6706580930085501,3936.443340514106,8.278286893319653,0.0002539719085505448,62.74108176078976,3.9086879369223064,39.36443340514106,57.06666666666667,0.052570093457943924,39.36443340514106
1214,33.0,Male,North,Post-Graduate,Salaried,621958.75,2020-05-23,0.0,TXN10214,656026.82,Education,693.43,12.0,55.0,P004,14.07,Education Loan,Education Loan,9.25,600.0,2020,5,23,Saturday,2.0,1,Medium,0,3.0,-0.2809138167106802,0.03982774261603376,0.04373512133333333,-0.16422677729342827,105.47754493364711,4.667934117224947,0.009391651550786254,10.270226138388926,0.5697980045303744,1.0547754493364712,76.36666666666666,0.7202095154954169,1.0547754493364712
1215,46.0,Male,East,Post-Graduate,Self-Employed,590908.67,2022-10-12,0.0,TXN10215,258685.14,Education,671.79,36.0,12.0,P004,11.9,Education Loan,Education Loan,9.25,600.0,2022,10,12,Wednesday,2.0,1,Medium,0,0.0,-0.31558744890229534,0.03720748270042195,0.017245676,-0.2295006029141691,43.77751641383092,3.801706147681464,0.022332636557107467,6.616457996075462,-0.6318429636000494,0.4377751641383092,47.3,0.25369978858350956,0.4377751641383092
1216,20.0,Male,North,Graduate,Salaried,1074804.03,2024-04-21,0.0,TXN10216,1072035.82,Education,644.64,36.0,40.0,P004,7.88,Education Loan,Education Loan,9.25,600.0,2024,4,21,Sunday,1.0,1,Very High,0,2.0,0.22477862203437213,0.0780425341772152,0.07146905466666667,0.787749637578791,99.74244514137149,4.6125672118253265,0.009926302648270088,9.98711395456022,1.1621059149799078,0.9974244514137149,28.733333333333334,1.3921113689095128,0.9974244514137149
1217,37.0,Female,East,Secondary,Self-Employed,1439066.83,2022-04-05,0.0,TXN10217,510872.51,Home,950.0,24.0,2.0,P003,21.62,Home Loan,Home Loan,8.5,500.0,2022,4,5,Tuesday,0.0,0,Very High,1,0.0,0.6315509829522142,0.10878201097046415,0.03405816733333333,1.5535069717731902,35.50026304198812,3.59731946719229,0.027397062833482838,5.958209717858891,0.257318005753273,0.35500263041988117,53.63333333333333,0.037290242386575516,0.35500263041988117
1218,53.0,Female,West,Graduate,Self-Employed,1508251.68,2025-03-02,0.0,TXN10218,773143.46,Home,731.7,12.0,36.0,P003,19.51,Home Loan,Home Loan,8.5,500.0,2025,3,2,Sunday,1.0,0,Very High,1,2.0,0.7088097224508584,0.11462039493670885,0.05154289733333333,1.6989481376090627,51.26090494392819,3.9562485761294583,0.019134762420836775,7.159672125448775,0.7710142277398098,0.5126090494392819,18.233333333333334,1.9744058500914077,0.5126090494392819
1219,36.0,Male,South,Post-Graduate,Self-Employed,513827.66,2018-04-22,0.0,TXN10219,258142.38,Education,568.04,24.0,14.0,P004,13.47,Education Loan,Education Loan,9.25,600.0,2018,4,22,Sunday,2.0,1,Medium,0,0.0,-0.40166383227065416,0.030702756118143465,0.017209492,-0.39154116465863453,50.23909767722509,3.936502867139388,0.019516346800238112,7.087954407106827,-0.6346779351089267,0.5023909767722509,101.76666666666667,0.13756960366852278,0.5023909767722509
1220,43.0,Female,West,Secondary,Self-Employed,623911.36,2019-04-06,0.0,TXN10220,734625.52,Education,745.96,18.0,16.0,P004,15.26,Education Loan,Education Loan,9.25,600.0,2019,4,6,Saturday,0.0,0,Medium,1,1.0,-0.27873333662967337,0.03999251983122363,0.04897503466666667,-0.16012197870207798,117.74517457095189,4.776979806897135,0.008421394836574905,10.851044860793447,0.7087526204429881,1.1774517457095188,90.13333333333334,0.17751479289940827,1.1774517457095188
1221,20.0,Female,West,Graduate,Salaried,277324.79,2025-07-18,0.0,TXN10221,291014.67,Home,594.81,24.0,19.0,P003,8.86,Home Loan,Home Loan,8.5,500.0,2025,7,18,Friday,1.0,0,Low,0,1.0,-0.6657666470344608,0.010744708016877635,0.019400978,-0.8887201443966822,104.93640687513006,4.662838978938689,0.009439625427155799,10.243847269221172,-0.4738008153275575,1.0493640687513006,13.633333333333333,1.3936430317848412,1.0493640687513006
1222,36.0,Male,East,Graduate,Salaried,449372.34,2020-06-05,0.0,TXN10222,398246.51,Education,616.04,36.0,34.0,P004,14.24,Education Loan,Education Loan,9.25,600.0,2020,6,5,Friday,1.0,1,Low,0,2.0,-0.47364110442173574,0.02526348860759494,0.026549767333333335,-0.5270398596059278,88.62283557550515,4.495610148843015,0.011157870575937348,9.413970234470955,-0.0613938553331811,0.8862283557550515,75.93333333333334,0.4477611940298507,0.8862283557550515
1223,37.0,Female,West,Graduate,Unemployed,1190047.78,2021-01-20,0.0,TXN10223,1087001.06,Home,555.32,36.0,44.0,P003,16.81,Home Loan,Home Loan,8.5,500.0,2021,1,20,Wednesday,1.0,0,Very High,0,2.0,0.3534713468158364,0.08776774514767934,0.07246673733333334,1.0300163383853673,91.34095943609928,4.525487807279351,0.010829430472747127,9.55724643587782,1.1784248505752064,0.9134095943609928,68.3,0.6442166910688141,0.9134095943609928
1224,49.0,Female,East,Secondary,Unemployed,1702155.87,2020-12-11,0.0,TXN10224,1259895.67,Education,637.38,12.0,46.0,P004,13.76,Education Loan,Education Loan,9.25,600.0,2020,12,11,Friday,0.0,0,Very High,0,3.0,0.9253425804812746,0.13098361772151898,0.08399304466666666,2.106575695579639,74.01764387182708,4.317723337493347,0.01333019738274599,8.6033507351396,1.3508434142290093,0.7401764387182708,69.63333333333334,0.6606031594064145,0.7401764387182708
1225,24.0,Male,North,Graduate,Salaried,355025.09,2019-06-04,0.0,TXN10225,406306.76,Business,762.9,24.0,6.0,P006,21.83,Credit Builder Loan,Credit Loan,14.5,700.0,2019,6,4,Tuesday,1.0,1,Low,1,0.0,-0.5789987023664226,0.01730169535864979,0.027087117333333334,-0.7253777042844745,114.44451996336372,4.748790067920901,0.008662169502002777,10.697874553543976,-0.0354699103527478,1.1444451996336371,88.16666666666667,0.06805293005671077,1.1444451996336371
1226,58.0,Male,North,Post-Graduate,Salaried,505336.73,2020-03-22,1.0,TXN10226,339117.17,Home,723.83,18.0,13.0,P003,15.39,Home Loan,Home Loan,8.5,500.0,2020,3,22,Sunday,2.0,1,Medium,1,0.0,-0.41114565594984437,0.029986221940928273,0.02260781133333333,-0.409390892716595,67.10716832318917,4.22108246933668,0.01468274228132194,8.191896503447122,-0.271147039268053,0.6710716832318917,78.43333333333334,0.16574585635359115,0.6710716832318917
1227,50.0,Female,East,Secondary,Salaried,689907.25,2024-04-02,0.0,TXN10227,379134.11,Home,763.17,12.0,36.0,P003,11.31,Home Loan,Home Loan,8.5,500.0,2024,4,2,Tuesday,0.0,0,Medium,1,2.0,-0.2050357095698303,0.04556179324894515,0.02527560733333333,-0.021384680262086817,54.954359444693466,4.024536348517815,0.017871708476770647,7.413120762856455,-0.12523501414503183,0.5495435944469347,29.366666666666667,1.2258796821793416,0.5495435944469347
1228,57.0,Female,North,Secondary,Self-Employed,816616.0,2023-04-09,0.0,TXN10228,262286.53,Business,724.38,36.0,22.0,P005,18.13,Business Loan,Business Loan,11.75,400.0,2023,4,9,Sunday,0.0,0,High,1,1.0,-0.06354001638774139,0.0562545147679325,0.01748576866666667,0.2449838718357518,32.11871063021053,3.5000983985119904,0.030194412190908508,5.667337172800868,-0.6131955608766987,0.3211871063021053,41.333333333333336,0.532258064516129,0.3211871063021053
1229,56.0,Male,South,Post-Graduate,Self-Employed,448450.54,2022-05-24,0.0,TXN10229,437470.65,Education,586.19,48.0,18.0,P004,7.9,Education Loan,Education Loan,9.25,600.0,2022,5,24,Tuesday,2.0,1,Low,0,1.0,-0.47467047871494955,0.02518569957805907,0.02916471,-0.528977677880702,97.55159398403222,4.590580207836593,0.010146969313982122,9.876821046472,0.05971383181793553,0.9755159398403223,52.0,0.34615384615384615,0.9755159398403223
1230,35.0,Male,West,Secondary,Salaried,883873.46,2020-07-15,0.0,TXN10230,814194.29,Education,651.88,24.0,12.0,P004,11.54,Education Loan,Education Loan,9.25,600.0,2020,7,15,Wednesday,0.0,1,High,0,0.0,0.011566406210276619,0.06193024978902954,0.054279619333333334,0.3863732568464814,92.11661248432553,4.5338526053610115,0.01073922228612356,9.597739967530144,0.8337347653711951,0.9211661248432553,74.6,0.160857908847185,0.9211661248432553
1231,57.0,Male,South,Post-Graduate,Salaried,539406.09,2019-07-11,0.0,TXN10231,298600.53,Business,613.68,36.0,52.0,P005,10.9,Business Loan,Business Loan,11.75,400.0,2019,7,11,Thursday,2.0,1,Medium,0,3.0,-0.3731003930183568,0.03286127341772152,0.019906702000000002,-0.33776990289466075,55.35727822427812,4.0317113931794335,0.017743937101086096,7.440247188385485,-0.4395024509241089,0.5535727822427812,86.93333333333334,0.598159509202454,0.5535727822427812
1232,18.0,Female,West,Graduate,Self-Employed,694457.93,2025-05-20,1.0,TXN10232,418026.74,Business,793.1,48.0,59.0,P005,12.34,Business Loan,Business Loan,11.75,400.0,2025,5,20,Tuesday,1.0,0,Medium,1,3.0,-0.19995396406251628,0.04594581687763714,0.027868449333333333,-0.011818189844806195,60.19468162743854,4.114060284229683,0.016341289363806723,7.758523160205075,0.001236227492242669,0.6019468162743854,15.6,3.782051282051282,0.6019468162743854
1233,28.0,Female,North,Secondary,Self-Employed,945332.46,2024-03-31,1.0,TXN10233,974587.84,Business,578.27,48.0,54.0,P005,18.29,Business Loan,Business Loan,11.75,400.0,2024,3,31,Sunday,0.0,0,High,0,3.0,0.08019768705929457,0.06711666329113924,0.06497252266666667,0.5155730543614996,103.09471865591075,4.645301240961327,0.009606635311687041,10.15355694601211,1.049335594741843,1.0309471865591076,29.433333333333334,1.8346545866364665,1.0309471865591076
1234,45.0,Male,South,Post-Graduate,Salaried,702476.95,2020-11-21,0.0,TXN10234,113793.46,Education,755.96,12.0,30.0,P004,13.23,Education Loan,Education Loan,9.25,600.0,2020,11,21,Saturday,2.0,1,High,1,2.0,-0.19099912239971856,0.04662252742616034,0.007586230666666667,0.005039483730567121,16.19888880339775,2.844844777278831,0.05814329119928048,4.024784317624704,-1.7849087211362322,0.1619888880339775,70.3,0.4267425320056899,0.1619888880339775
1235,42.0,Male,North,Graduate,Salaried,550632.76,2019-08-02,1.0,TXN10235,489449.08,Home,755.9,60.0,53.0,P003,18.5,Home Loan,Home Loan,8.5,500.0,2019,8,2,Friday,1.0,1,Medium,1,3.0,-0.36056356778902915,0.03380867172995781,0.03262993866666667,-0.3141690715962678,88.88847804841834,4.498569769175072,0.011124896335004705,9.428068627689255,0.20303500283083925,0.8888847804841833,86.2,0.6148491879350347,0.8888847804841833
1236,40.0,Female,West,Graduate,Salaried,659047.06,2019-06-26,1.0,TXN10236,770274.41,Home,682.55,24.0,51.0,P003,14.8,Home Loan,Home Loan,8.5,500.0,2019,6,26,Wednesday,1.0,0,Medium,0,3.0,-0.23949729155040356,0.04295755780590718,0.05135162733333334,-0.0862593169999931,116.8769966138685,4.769641679209902,0.008483419400951616,10.810966497675798,0.7664949666933846,1.168769966138685,87.43333333333334,0.5833015630956919,1.168769966138685
1237,48.0,Male,East,Graduate,Salaried,666793.7,2023-12-02,0.0,TXN10237,406440.36,Home,645.18,18.0,40.0,P003,10.82,Home Loan,Home Loan,8.5,500.0,2023,12,2,Saturday,1.0,1,Medium,0,2.0,-0.2308466167025175,0.043611282700421944,0.027096024,-0.06997424370850239,60.954439131623474,4.126399262192736,0.01614089343744166,7.807332395359088,-0.035044977261537866,0.6095443913162347,33.43333333333333,1.1964107676969093,0.6095443913162347
1238,47.0,Male,East,Graduate,Salaried,571105.68,2024-03-01,0.0,TXN10238,226570.23,Education,740.55,6.0,7.0,P004,18.77,Education Loan,Education Loan,9.25,600.0,2024,3,1,Friday,1.0,1,Medium,1,0.0,-0.33770145284541664,0.03553634430379748,0.015104682000000001,-0.27113067008402103,39.672207427529,3.7055449950021275,0.02458681402483086,6.298587732780183,-0.8118842224038696,0.39672207427529,30.433333333333334,0.23001095290251916,0.39672207427529
1239,41.0,Female,South,Secondary,Self-Employed,607129.74,2020-11-18,0.0,TXN10239,540415.02,Home,850.0,24.0,32.0,P003,9.05,Home Loan,Home Loan,8.5,500.0,2020,11,18,Wednesday,0.0,0,Medium,1,2.0,-0.2974733759293935,0.03857634936708861,0.036027668,-0.19540048804934979,89.01145577220447,4.499936948587871,0.011109696998243638,9.434588267232677,0.32821533604124253,0.8901145577220447,70.4,0.45454545454545453,0.8901145577220447
1240,52.0,Female,North,Graduate,Self-Employed,1686374.57,2025-05-14,0.0,TXN10240,1699839.51,Business,627.5,12.0,48.0,P005,8.81,Business Loan,Business Loan,11.75,400.0,2025,5,14,Wednesday,1.0,0,Very High,0,3.0,0.9077195987786336,0.12965186244725738,0.113322634,2.0734000701297655,100.79845487707988,4.62299492597648,0.009823331809971823,10.039843369150729,1.6932972129289734,1.0079845487707988,15.8,3.0379746835443036,1.0079845487707988
1241,24.0,Female,North,Post-Graduate,Salaried,952972.49,2019-04-19,0.0,TXN10241,689715.58,Education,549.52,12.0,19.0,P004,13.58,Education Loan,Education Loan,9.25,600.0,2019,4,19,Friday,2.0,0,High,0,1.0,0.08872931049320863,0.06776139156118144,0.04598103866666666,0.5316340109180441,72.37518262463169,4.29558576706689,0.0136285861817304,8.507360496924512,0.6314768506356275,0.7237518262463168,89.7,0.21181716833890746,0.7237518262463168
1242,33.0,Female,South,Secondary,Self-Employed,595002.83,2025-07-07,1.0,TXN10242,693408.59,Education,520.2,18.0,6.0,P004,9.43,Education Loan,Education Loan,9.25,600.0,2025,7,7,Monday,0.0,0,Medium,0,0.0,-0.3110154993944802,0.037552981434599154,0.04622723933333333,-0.22089381394926444,116.53870453019526,4.766767679600841,0.00850783581456867,10.795309376307623,0.6380366507489296,1.1653870453019526,14.0,0.42857142857142855,1.1653870453019526
1243,43.0,Male,East,Graduate,Salaried,1027008.26,2024-04-19,0.0,TXN10243,209768.65,Home,740.58,36.0,20.0,P003,5.15,Home Loan,Home Loan,8.5,500.0,2024,4,19,Friday,1.0,1,Very High,1,1.0,0.1714050735831271,0.07400913586497891,0.013984576666666667,0.6872728350588284,20.42521547002942,3.0645685213774696,0.04667397634338129,4.51942645365863,-0.9175892202152449,0.20425215470029423,28.8,0.6944444444444444,0.20425215470029423
1244,19.0,Male,West,Graduate,Salaried,582587.63,2020-06-23,1.0,TXN10244,396180.2,Home,519.93,48.0,27.0,P003,16.02,Home Loan,Home Loan,8.5,500.0,2020,6,23,Tuesday,1.0,1,Medium,0,2.0,-0.32487955637550375,0.036505285232067516,0.026412013333333335,-0.2469931863130915,68.00353793986322,4.234157777773539,0.014492010552727062,8.246425767559131,-0.06813230432813472,0.6800353793986322,75.33333333333333,0.3584070796460177,0.6800353793986322
1245,18.0,Female,South,Graduate,Salaried,700079.72,2023-04-30,0.0,TXN10245,1206874.84,Home,648.35,18.0,53.0,P003,13.69,Home Loan,Home Loan,8.5,500.0,2023,4,30,Sunday,1.0,0,,0,3.0,-0.19367610974721347,0.04642022953586498,0.08045832266666668,0.0,172.39105854973204,5.155549497559758,0.005767310081408725,13.129777551418456,1.3008726191581146,1.7239105854973205,40.63333333333333,1.3043478260869565,1.7239105854973205
1246,29.0,Male,West,Secondary,Salaried,857810.78,2019-01-21,0.0,TXN10246,905653.03,Home,717.17,48.0,43.0,P003,12.57,Home Loan,Home Loan,8.5,500.0,2019,1,21,Monday,0.0,1,High,1,2.0,-0.017537795139535104,0.05973086751054853,0.060376868666666667,0.3315839993138384,105.57724979860943,4.668870072431834,0.009382865497933383,10.275079065321563,0.9618259685889544,1.0557724979860943,92.63333333333334,0.4641957538682979,1.0557724979860943
1247,22.0,Male,East,Post-Graduate,Self-Employed,659884.06,2018-03-03,1.0,TXN10247,223184.93,Home,695.74,48.0,37.0,P003,21.44,Home Loan,Home Loan,8.5,500.0,2018,3,3,Saturday,2.0,1,Medium,0,2.0,-0.23856261343864404,0.04302819071729959,0.014878995333333332,-0.08449976623411552,33.82183985471629,3.550244771965257,0.02871760952816396,5.815654722790573,-0.8324760266986091,0.3382183985471629,103.43333333333334,0.35771833709313566,0.3382183985471629
1248,54.0,Male,North,Graduate,Unemployed,895448.44,2019-05-30,0.0,TXN10248,886497.23,Education,716.16,36.0,48.0,P004,14.71,Education Loan,Education Loan,9.25,600.0,2019,5,30,Thursday,1.0,1,High,1,3.0,0.024492189304726,0.06290704135021097,0.05909981533333333,0.4107063093243997,99.00036567152878,4.6051738426966935,0.009999963432980838,9.949892746734951,0.9362078915389768,0.9900036567152879,88.33333333333333,0.5433962264150943,0.9900036567152879
1249,49.0,Male,East,Secondary,Salaried,295036.32,2019-03-06,0.0,TXN10249,418026.74,Business,698.89,12.0,7.0,P005,19.68,Business Loan,Business Loan,11.75,400.0,2019,3,6,Wednesday,0.0,1,Low,0,0.0,-0.645988177002475,0.012239351898734178,0.027868449333333333,-0.8514867678418868,141.68653540689496,4.960650164087716,0.007008369760666833,11.903215339012185,0.001236227492242669,1.4168653540689498,91.16666666666667,0.07678244972577696,1.4168653540689498
1250,26.0,Male,South,Secondary,Salaried,376665.76,2019-08-03,0.0,TXN10250,213336.47,Business,682.55,36.0,59.0,P005,7.37,Business Loan,Business Loan,11.75,400.0,2019,8,3,Saturday,0.0,1,Low,0,3.0,-0.5548325607023714,0.019127912236286924,0.014222431333333334,-0.679884445655318,56.63813721746303,4.054184453077229,0.01734962384761149,7.5258313306546425,-0.89438487636676,0.5663813721746304,86.16666666666667,0.6847195357833655,0.5663813721746304
1251,58.0,Male,North,Secondary,Self-Employed,363006.81,2022-04-10,1.0,TXN10251,104655.15,Education,599.05,60.0,5.0,P004,14.68,Education Loan,Education Loan,9.25,600.0,2022,4,10,Sunday,0.0,1,Low,0,0.0,-0.5700855136230616,0.017975258227848102,0.00697701,-0.7085984431864812,28.830078972898605,3.3955172459552214,0.03352320994217031,5.369364857494656,-1.907620581227868,0.28830078972898604,53.46666666666667,0.09351620947630922,0.28830078972898604
1252,52.0,Male,South,Graduate,Salaried,757254.23,2021-03-10,0.0,TXN10252,801599.45,Home,622.46,36.0,11.0,P003,19.76,Home Loan,Home Loan,8.5,500.0,2021,3,10,Wednesday,1.0,1,High,0,0.0,-0.1298293199651639,0.05124508270042194,0.05343996333333333,0.12019289469435533,105.85605444554598,4.671482643197265,0.009358384091465792,10.288637152001522,0.8148668347636272,1.0585605444554598,66.66666666666667,0.16499999999999998,1.0585605444554598
1253,36.0,Male,South,Graduate,Salaried,1815222.96,2025-08-22,0.0,TXN10253,572043.68,Business,614.32,18.0,15.0,P005,14.91,Business Loan,Business Loan,11.75,400.0,2025,8,22,Friday,1.0,1,Very High,0,1.0,1.0516046284900475,0.14052514430379745,0.03813624533333334,2.344266597377786,31.513686891664268,3.4816611358113136,0.030756278220061724,5.613705272960478,0.3995586363519182,0.31513686891664267,12.466666666666667,1.2032085561497325,0.31513686891664267
1254,33.0,Female,East,Post-Graduate,Self-Employed,2388200.46,2021-08-16,1.0,TXN10254,1135057.35,Business,750.57,24.0,3.0,P006,17.21,Credit Builder Loan,Credit Loan,14.5,700.0,2021,8,16,Monday,2.0,0,Very High,1,0.0,1.6914487477023383,0.18887767594936708,0.07567049,3.5487863093916707,47.52772512237101,3.8821352866203207,0.020606776795704475,6.894035474406192,1.2292100105154702,0.4752772512237101,61.36666666666667,0.04888647474198805,0.4752772512237101
1255,20.0,Female,South,Graduate,Salaried,994269.64,2025-06-15,0.0,TXN10255,451943.09,Home,756.53,36.0,58.0,P003,11.32,Home Loan,Home Loan,8.5,500.0,2025,6,15,Sunday,1.0,0,High,1,3.0,0.13484584834631433,0.07124638312236288,0.030129539333333333,0.6184493417556324,45.45478126034302,3.8384793934468013,0.021526309517975677,6.742016112435732,0.1014204223510815,0.4545478126034302,14.733333333333333,3.9366515837104075,0.4545478126034302
1256,37.0,Female,East,Secondary,Salaried,921999.61,2024-06-16,0.0,TXN10256,418026.74,Education,718.35,24.0,5.0,P004,6.57,Education Loan,Education Loan,9.25,600.0,2024,6,16,Sunday,0.0,0,High,1,0.0,0.054141887561124945,0.06514764641350211,0.027868449333333333,0.4665224760011571,45.33914499161231,3.8359870680703594,0.021580026998361895,6.73343485834773,0.001236227492242669,0.45339144991612307,26.866666666666667,0.18610421836228289,0.45339144991612307
1257,41.0,Female,North,Graduate,Salaried,259952.41,2019-04-16,0.0,TXN10257,222607.17,Home,780.6,12.0,23.0,P003,12.78,Home Loan,Home Loan,8.5,500.0,2019,4,16,Tuesday,1.0,0,Low,1,1.0,-0.6851663881756419,0.009278684388185654,0.014840478,-0.9252405560264508,85.63381658973657,4.461690231144653,0.011542836727782684,9.253854147853021,-0.8360245464711052,0.8563381658973657,89.8,0.2561247216035635,0.8563381658973657
1258,50.0,Female,East,Graduate,Self-Employed,700079.72,2021-11-17,0.0,TXN10258,512363.06,Business,579.87,18.0,53.0,P006,11.71,Credit Builder Loan,Credit Loan,14.5,700.0,2021,11,17,Wednesday,1.0,0,,0,3.0,-0.19367610974721347,0.04642022953586498,0.034157537333333335,0.0,73.18638797307256,4.306580682846559,0.01347956178110424,8.554904322847367,0.2610015691324807,0.7318638797307255,58.266666666666666,0.9096109839816934,0.7318638797307255
1259,41.0,Male,North,Secondary,Salaried,453864.76,2022-07-24,0.0,TXN10259,187442.2,Business,821.71,36.0,37.0,P005,19.74,Business Loan,Business Loan,11.75,400.0,2022,7,24,Sunday,0.0,1,Low,1,2.0,-0.46862441787116144,0.02564259578059072,0.012496146666666668,-0.5175958440125661,41.29913060445583,3.744766532754864,0.02364114783708247,6.426439963498907,-1.0733837254648197,0.4129913060445583,49.96666666666667,0.7404936624416277,0.4129913060445583
1260,28.0,Female,East,Secondary,Salaried,497509.25,2022-01-08,0.0,TXN10260,401051.07,Home,809.48,48.0,9.0,P003,9.15,Home Loan,Home Loan,8.5,500.0,2022,1,8,Saturday,0.0,0,Low,1,0.0,-0.4198866048461829,0.029325675105485234,0.026736738,-0.4258459087606708,80.61178158999054,4.401973633778226,0.012253132826139004,8.978406405926975,-0.05230892930530211,0.8061178158999054,56.53333333333333,0.15919811320754718,0.8061178158999054
1261,25.0,Female,West,Secondary,Self-Employed,638167.79,2020-03-19,0.0,TXN10261,478838.53,Business,682.55,12.0,15.0,P006,21.43,Credit Builder Loan,Credit Loan,14.5,700.0,2020,3,19,Thursday,0.0,0,Medium,0,1.0,-0.2628131776418218,0.04119559409282701,0.03192256866666667,-0.13015195202922228,75.03332783373476,4.331171768290815,0.013152127211724068,8.662178007506816,0.17517734613118982,0.7503332783373476,78.53333333333333,0.19100169779286927,0.7503332783373476
1262,53.0,Male,West,Graduate,Salaried,539925.15,2018-06-21,1.0,TXN10262,553138.14,Education,831.45,60.0,3.0,P004,21.29,Education Loan,Education Loan,9.25,600.0,2018,6,21,Thursday,1.0,1,Medium,1,0.0,-0.37252075858503547,0.0329050759493671,0.036875876,-0.3366787291544738,102.44718920761517,4.639061233282215,0.009666768209555044,10.121619890492587,0.35745083893084967,1.0244718920761517,99.76666666666667,0.030070163715335784,1.0244718920761517
1263,55.0,Male,South,Graduate,Self-Employed,235677.76,2025-03-08,0.0,TXN10263,259573.46,Business,539.19,18.0,29.0,P006,9.21,Credit Builder Loan,Credit Loan,14.5,700.0,2025,3,8,Saturday,1.0,1,Low,0,2.0,-0.7122738959720853,0.00723019071729958,0.017304897333333333,-0.9762709968853639,110.13914083365353,4.710782937334703,0.008997730165079652,10.494719664367102,-0.6272170790258174,1.1013914083365353,18.033333333333335,1.6081330868761552,1.1013914083365353
1264,57.0,Male,East,Graduate,Salaried,1056198.03,2018-01-31,0.0,TXN10264,171911.66,Home,635.42,36.0,6.0,P003,10.92,Home Loan,Home Loan,8.5,500.0,2018,1,31,Wednesday,1.0,1,Very High,0,0.0,0.20400129712708714,0.07647240759493672,0.011460777333333333,0.7486358961810392,16.276460958746533,2.8493449367722787,0.05788222497581203,4.034409617124485,-1.1942668456546996,0.16276460958746533,104.46666666666667,0.0574345883854499,0.16276460958746533
1265,37.0,Male,East,Post-Graduate,Unemployed,388025.74,2018-02-16,1.0,TXN10265,332817.79,Business,617.5,36.0,17.0,P006,20.22,Credit Builder Loan,Credit Loan,14.5,700.0,2018,2,16,Friday,2.0,1,Low,0,1.0,-0.5421468681623167,0.020086560337552746,0.022187852666666664,-0.6560033685832105,85.7720907896471,4.46328503528146,0.011524442835245263,9.261322302438627,-0.295828040727512,0.8577209078964709,103.93333333333334,0.163566388710712,0.8577209078964709
1266,52.0,Male,North,Post-Graduate,Salaried,798445.02,2018-05-10,0.0,TXN10266,163224.19,Home,741.33,36.0,26.0,P003,21.43,Home Loan,Home Loan,8.5,500.0,2018,5,10,Thursday,2.0,1,High,1,1.0,-0.08383155435096706,0.054721098734177215,0.010881612666666667,0.2067846343497946,20.44275885144853,3.065387005697113,0.046635790055179704,4.521366922894948,-1.2672251639837264,0.2044275885144853,101.16666666666667,0.257001647446458,0.2044275885144853
1267,42.0,Female,South,Graduate,Salaried,2190370.1,2024-07-27,0.0,TXN10267,1590869.3,Home,590.74,60.0,21.0,P003,12.54,Home Loan,Home Loan,8.5,500.0,2024,7,27,Saturday,1.0,0,Very High,0,1.0,1.4705315346396084,0.17218313080168776,0.10605795333333333,3.132905112913968,72.63015962462234,4.299054719307413,0.013581391173102855,8.52233299188798,1.6183865955488737,0.7263015962462234,25.5,0.8235294117647058,0.7263015962462234
1268,41.0,Female,East,Post-Graduate,Salaried,422174.53,2020-09-04,0.0,TXN10268,190828.95,Home,744.39,18.0,8.0,P003,10.46,Home Loan,Home Loan,8.5,500.0,2020,9,4,Friday,2.0,0,Low,1,0.0,-0.5040129057297333,0.022968314767932492,0.012721930000000001,-0.5842154001264689,45.20143600325676,3.833010879926223,0.021644348888409215,6.723201321041692,-1.0484807295883873,0.45201436003256756,72.9,0.10973936899862825,0.45201436003256756
1269,41.0,Male,South,Secondary,Salaried,700079.72,2022-07-04,0.0,TXN10269,82178.23,Business,796.5,48.0,21.0,P006,13.94,Credit Builder Loan,Credit Loan,14.5,700.0,2022,7,4,Monday,0.0,1,,1,1.0,-0.19367610974721347,0.04642022953586498,0.005478548666666666,0.0,11.73841030561491,2.5446218625793233,0.07850273118924536,3.4261363524551833,-2.267601710504077,0.11738410305614909,50.63333333333333,0.4147465437788018,0.11738410305614909
1270,46.0,Other,West,Secondary,Self-Employed,598111.99,2022-05-24,0.0,TXN10270,311380.95,Business,739.09,12.0,57.0,P005,16.69,Business Loan,Business Loan,11.75,400.0,2022,5,24,Tuesday,0.0,2,Medium,1,3.0,-0.30754349963586824,0.037815357805907175,0.02075873,-0.21435770300633014,52.06064335877969,3.9714354737544357,0.018846360253084546,7.21530618607275,-0.38382238646545774,0.5206064335877969,52.0,1.0961538461538463,0.5206064335877969
1271,35.0,Female,East,Secondary,Unemployed,1282553.3,2018-02-27,1.0,TXN10271,1029065.71,Business,704.12,36.0,11.0,P006,9.65,Credit Builder Loan,Credit Loan,14.5,700.0,2018,2,27,Tuesday,0.0,0,Very High,1,0.0,0.4567722844035688,0.09557411814345992,0.06860438066666666,1.2244824776492909,80.23570716320327,4.397354893898046,0.012309857757389752,8.957438649703567,1.1138245229787895,0.8023570716320327,103.56666666666666,0.10621177985194721,0.8023570716320327
1272,35.0,Male,East,Secondary,Salaried,2055288.35,2021-02-03,0.0,TXN10272,1029190.71,Business,596.03,36.0,38.0,P005,17.52,Business Loan,Business Loan,11.75,400.0,2021,2,3,Wednesday,0.0,1,Very High,0,2.0,1.3196857102391653,0.16078382700421942,0.06861271399999999,2.848934746523784,50.07524661928824,3.9332999692635062,0.019578955877666903,7.0763865510080945,1.1139681571320794,0.5007524661928824,67.83333333333333,0.5601965601965603,0.5007524661928824
1273,19.0,Male,South,Graduate,Salaried,355963.45,2025-10-30,0.0,TXN10273,327249.3,Home,682.55,36.0,8.0,P003,5.88,Home Loan,Home Loan,8.5,500.0,2025,10,30,Thursday,1.0,1,Low,0,0.0,-0.5779508355170192,0.01738088185654009,0.02181662,-0.723405073392397,91.933399341983,4.531883100497595,0.010760394078776008,9.588190618775943,-0.3180754517920574,0.91933399341983,10.166666666666666,0.7868852459016394,0.91933399341983
1274,52.0,Male,East,Post-Graduate,Salaried,919899.94,2021-09-15,0.0,TXN10274,528715.95,Home,786.22,12.0,42.0,P003,5.84,Home Loan,Home Loan,8.5,500.0,2021,9,15,Wednesday,2.0,1,High,1,2.0,0.051797185540912116,0.06497045907172996,0.03524773,0.4621085262322321,57.47537607188017,4.068605743777141,0.0171012153691968,7.581251616446995,0.30065950759413834,0.5747537607188017,60.36666666666667,0.6957482054113749,0.5747537607188017
1275,33.0,Male,South,Secondary,Self-Employed,541942.32,2020-02-07,0.0,TXN10275,120187.02,Home,746.24,48.0,24.0,P003,11.57,Home Loan,Home Loan,8.5,500.0,2020,2,7,Friday,0.0,1,Medium,1,1.0,-0.37026818433569514,0.03307530126582278,0.008012468,-0.3324382118087089,22.177087037602085,3.1431641629571208,0.04314606051992721,4.709255465315307,-1.7053090358543352,0.22177087037602086,79.9,0.3003754693366708,0.22177087037602086
1276,58.0,Male,East,Secondary,Salaried,660375.58,2019-11-14,0.0,TXN10276,418026.74,Home,676.68,12.0,35.0,P003,11.01,Home Loan,Home Loan,8.5,500.0,2019,11,14,Thursday,0.0,1,Medium,0,2.0,-0.23801373293029046,0.04306966919831224,0.027868449333333333,-0.08346648739009643,63.30136253675522,4.163580821326297,0.015551769986652947,7.9562153400190985,0.001236227492242669,0.6330136253675522,82.73333333333333,0.4230459307010475,0.6330136253675522
1277,53.0,Male,North,Graduate,Salaried,2997306.04,2023-07-02,1.0,TXN10277,1348926.31,Home,644.48,6.0,55.0,P003,10.37,Home Loan,Home Loan,8.5,500.0,2023,7,2,Sunday,1.0,1,Very High,0,3.0,2.3716371029909693,0.24027899071729958,0.08992842066666668,4.829254875448192,45.00462388552088,3.8287419106878278,0.021736945453318484,6.708548567724682,1.429780880267362,0.4500462388552088,38.53333333333333,1.4273356401384083,0.4500462388552088
1278,50.0,Male,South,Post-Graduate,Salaried,306263.75,2024-05-22,1.0,TXN10278,185107.41,Home,507.81,36.0,14.0,P003,13.35,Home Loan,Home Loan,8.5,500.0,2024,5,22,Wednesday,2.0,1,Low,0,0.0,-0.6334505030809551,0.013186814345991562,0.012340494,-0.8278843388629896,60.44052226226577,4.118069589165687,0.016275903315590118,7.774350279107945,-1.0908404221641848,0.6044052226226577,27.7,0.5054151624548736,0.6044052226226577
1279,21.0,Male,East,Graduate,Self-Employed,804834.89,2022-11-26,0.0,TXN10279,699977.84,Home,588.98,24.0,55.0,P003,10.45,Home Loan,Home Loan,8.5,500.0,2022,11,26,Saturday,1.0,1,High,0,3.0,-0.0766959849053413,0.055260328270042194,0.04666518933333333,0.22021749056527629,86.97160730693471,4.477014118177977,0.011367303958775924,9.325856920783993,0.6496113776752804,0.8697160730693472,45.8,1.2008733624454149,0.8697160730693472
1280,50.0,Female,West,Graduate,Salaried,905340.92,2022-01-17,0.0,TXN10280,451836.61,Home,682.55,48.0,14.0,P003,8.27,Home Loan,Home Loan,8.5,500.0,2022,1,17,Monday,1.0,0,High,0,0.0,0.035539124223506,0.06374184978902954,0.030122440666666667,0.4315023914754497,49.90789657447495,3.930018050511389,0.0196433179779303,7.0645521142160845,0.10111893977908948,0.49907896574474947,56.233333333333334,0.24896265560165975,0.49907896574474947
1281,31.0,Male,East,Secondary,Salaried,1271894.52,2020-06-04,1.0,TXN10281,266353.71,Home,571.16,24.0,10.0,P003,10.26,Home Loan,Home Loan,8.5,500.0,2020,6,4,Thursday,0.0,1,Very High,0,0.0,0.44486962208091635,0.0946746430379747,0.017756914000000002,1.2020754710634836,20.941493638953645,3.0883795308777913,0.045575748691267695,4.576187675232917,-0.5924707767109388,0.20941493638953645,75.96666666666667,0.13163668275559456,0.20941493638953645
1282,38.0,Female,West,Secondary,Salaried,738758.5,2019-02-01,0.0,TXN10282,400862.99,Home,696.11,12.0,12.0,P003,21.57,Home Loan,Home Loan,8.5,500.0,2019,2,1,Friday,0.0,0,High,0,0.0,-0.15048350633555074,0.04968426160337553,0.026724199333333334,0.08131096412450478,54.26170934073855,4.012080251712097,0.018095712418776142,7.366254770284459,-0.05291600391481677,0.5426170934073855,92.26666666666667,0.13005780346820808,0.5426170934073855
1283,37.0,Male,West,Post-Graduate,Self-Employed,829238.77,2022-03-19,0.0,TXN10283,946717.86,Business,765.63,48.0,38.0,P006,11.99,Credit Builder Loan,Credit Loan,14.5,700.0,2022,3,19,Saturday,2.0,1,High,1,2.0,-0.04944416593520295,0.057319727426160344,0.063114524,0.2715196001762495,114.1671005083373,4.746384121609254,0.00868303530770584,10.6849005848598,1.014798617897402,1.141671005083373,54.2,0.7011070110701106,1.141671005083373
1284,25.0,Other,North,Post-Graduate,Salaried,564349.43,2023-09-05,1.0,TXN10284,464922.98,Business,573.33,24.0,44.0,P006,12.56,Credit Builder Loan,Credit Loan,14.5,700.0,2023,9,5,Tuesday,2.0,2,Medium,0,2.0,-0.3452461589297359,0.03496619662447258,0.030994865333333333,-0.2853337344352282,82.38211208966756,4.423433803022541,0.011992979968228902,9.076459226464225,0.13759951268941142,0.8238211208966756,36.36666666666667,1.2098991750687442,0.8238211208966756
1285,24.0,Male,South,Secondary,Salaried,811675.11,2018-11-09,0.0,TXN10285,694025.33,Business,695.7,12.0,55.0,P006,14.8,Credit Builder Loan,Credit Loan,14.5,700.0,2018,11,9,Friday,0.0,1,High,0,3.0,-0.0690575095007778,0.055837562025316465,0.04626835533333333,0.2345970775900924,85.50531135542643,4.460205815005656,0.01155998382447612,9.246908205201695,0.6391284194372745,0.8550531135542643,95.06666666666666,0.5785413744740533,0.8550531135542643
1286,20.0,Male,East,Post-Graduate,Salaried,579592.1,2023-12-14,0.0,TXN10286,471727.84,Home,759.72,36.0,46.0,P003,21.72,Home Loan,Home Loan,8.5,500.0,2023,12,14,Thursday,2.0,1,Medium,1,3.0,-0.3282246654843675,0.03625249789029536,0.031448522666666666,-0.2532904229985268,81.38962556597994,4.411459525663451,0.012137450475474874,9.021619897001864,0.15612723735533288,0.8138962556597994,33.03333333333333,1.3925327951564077,0.8138962556597994
1287,34.0,Other,North,Graduate,Salaried,985298.73,2022-05-08,0.0,TXN10287,353664.85,Home,681.06,24.0,34.0,P003,9.11,Home Loan,Home Loan,8.5,500.0,2022,5,8,Sunday,1.0,2,High,0,2.0,0.12482803087968998,0.07048934430379747,0.023577656666666665,0.599590594370783,35.89417495747711,3.6080536783542714,0.027104549733191315,5.991174756045521,-0.21601829853889765,0.3589417495747711,52.53333333333333,0.6472081218274112,0.3589417495747711
1288,50.0,Female,East,Post-Graduate,Salaried,571231.55,2021-05-06,0.0,TXN10288,336598.51,Business,850.0,36.0,41.0,P005,16.58,Business Loan,Business Loan,11.75,400.0,2021,5,6,Thursday,2.0,0,Medium,1,2.0,-0.33756089378457177,0.035546966244725746,0.02243990066666667,-0.27086606476155867,58.925055872701705,4.09309471269718,0.01668751051520572,7.676265750526209,-0.2809544021090885,0.589250558727017,64.76666666666667,0.6330416881111683,0.589250558727017
1289,29.0,Female,West,Graduate,Salaried,861336.76,2020-03-21,1.0,TXN10289,808353.17,Home,538.17,24.0,10.0,P003,17.17,Home Loan,Home Loan,8.5,500.0,2020,3,21,Saturday,1.0,0,High,0,0.0,-0.013600332381468442,0.06002841856540085,0.053890211333333334,0.33899635392491245,93.84867888373881,4.5522827678047255,0.010543109421964163,9.687552780952412,0.8250244287944151,0.9384867888373881,78.46666666666667,0.1274426508071368,0.9384867888373881
1290,39.0,Male,South,Graduate,Salaried,688823.99,2024-02-14,1.0,TXN10290,176643.09,Home,769.99,48.0,58.0,P003,15.32,Home Loan,Home Loan,8.5,500.0,2024,2,14,Wednesday,1.0,1,Medium,1,3.0,-0.20624538628589317,0.04547037890295359,0.011776206,-0.02366192155556897,25.644154757153565,3.282569792864404,0.03753168412037971,5.064005801453387,-1.15621191309322,0.25644154757153564,30.966666666666665,1.8729817007534986,0.25644154757153564
1291,39.0,Male,East,Graduate,Salaried,1300375.01,2025-07-08,0.0,TXN10291,574434.7,Home,665.31,48.0,17.0,P003,6.51,Home Loan,Home Loan,8.5,500.0,2025,7,8,Tuesday,1.0,1,Very High,0,1.0,0.4766737924694298,0.09707805991561182,0.03829564666666666,1.2619474758329803,44.17454161934409,3.810533689649704,0.022136361856780685,6.646393128558082,0.40477524088339256,0.44174541619344093,13.966666666666667,1.2171837708830548,0.44174541619344093
1292,47.0,Female,East,Graduate,Salaried,680490.45,2025-10-28,0.0,TXN10292,299507.71,Home,745.61,36.0,17.0,P003,16.51,Home Loan,Home Loan,8.5,500.0,2025,10,28,Tuesday,1.0,0,Medium,1,1.0,-0.21555145251226404,0.04476712658227848,0.019967180666666667,-0.0411807825943641,44.01350672886005,3.806962594264684,0.022215554234055218,6.634267610585215,-0.4354647944474622,0.4401350672886005,10.233333333333333,1.6612377850162867,0.4401350672886005
1293,55.0,Female,West,Secondary,Self-Employed,263990.33,2025-07-26,0.0,TXN10293,159349.81,Home,717.51,12.0,3.0,P003,6.09,Home Loan,Home Loan,8.5,500.0,2025,7,26,Saturday,0.0,0,Low,1,0.0,-0.6806572418900554,0.009619437130801689,0.010623320666666667,-0.9167519954188613,60.36198750158764,4.116790547368647,0.016296734195158306,7.769297748290231,-1.3011466881024996,0.6036198750158764,13.366666666666667,0.22443890274314213,0.6036198750158764
1294,55.0,Female,East,Secondary,Self-Employed,1401274.08,2023-07-26,0.0,TXN10294,1652644.69,Home,617.68,48.0,31.0,P003,15.13,Home Loan,Home Loan,8.5,500.0,2023,7,26,Wednesday,0.0,0,Very High,0,2.0,0.5893478094657155,0.10559274936708862,0.11017631266666666,1.4740586298291998,117.9387183126944,4.778608388305593,0.008407691071388225,10.859959406585938,1.6615189495793357,1.179387183126944,37.733333333333334,0.8215547703180212,1.179387183126944
1295,41.0,Female,East,Graduate,Salaried,425356.47,2022-02-16,0.0,TXN10295,93951.75,Education,699.46,36.0,51.0,P004,17.57,Education Loan,Education Loan,9.25,600.0,2022,2,16,Wednesday,1.0,0,Low,0,3.0,-0.5004596325267082,0.023236832911392405,0.00626345,-0.5775262902531398,22.087767937325605,3.139302950756365,0.04331297866102149,4.699762540525383,-2.067225863647332,0.22087767937325606,55.233333333333334,0.9233554616777309,0.22087767937325606
1296,44.0,Male,West,Graduate,Self-Employed,488582.75,2019-03-26,0.0,TXN10296,339387.19,Home,522.08,36.0,1.0,P003,8.59,Home Loan,Home Loan,8.5,500.0,2019,3,26,Tuesday,1.0,1,Low,0,0.0,-0.42985482965457156,0.02857238396624473,0.02262581266666667,-0.44461129694658025,69.46360468109036,4.255096330859261,0.014191723578801815,8.334482868246257,-0.27010035302200647,0.6946360468109036,90.5,0.011049723756906077,0.6946360468109036
1297,44.0,Female,North,Secondary,Salaried,504448.94,2025-01-14,0.0,TXN10297,170671.68,Home,731.28,24.0,12.0,P003,19.31,Home Loan,Home Loan,8.5,500.0,2025,1,14,Tuesday,0.0,0,Medium,1,0.0,-0.41213705126745365,0.029911302953586502,0.011378112,-0.4112572147888034,33.83329143282568,3.5505735798506453,0.02870816850392825,5.81663918709298,-1.2044299822697542,0.33833291432825685,19.8,0.6060606060606061,0.33833291432825685
1298,51.0,Male,West,Graduate,Salaried,1490730.11,2023-03-10,1.0,TXN10298,1742977.11,Business,705.34,48.0,39.0,P006,5.52,Credit Builder Loan,Credit Loan,14.5,700.0,2023,3,10,Friday,1.0,1,Very High,1,2.0,0.6892433807989324,0.11314178143459917,0.11619847400000001,1.6621140970918855,116.9210374371522,4.770015226207212,0.00848025103691074,10.813003164577,1.721509132773951,1.1692103743715219,42.333333333333336,0.921259842519685,1.1692103743715219
1299,38.0,Male,North,Post-Graduate,Salaried,216255.27,2021-10-09,1.0,TXN10299,58165.89,Home,734.29,36.0,4.0,P003,19.34,Home Loan,Home Loan,8.5,500.0,2021,10,9,Saturday,2.0,1,Low,1,0.0,-0.7339629954689408,0.005591162025316456,0.003877726,-1.0171011726974901,26.896865912215688,3.3285143496220124,0.035846320627799,5.186218845383955,-2.796823229729254,0.2689686591221569,59.56666666666667,0.06715165081141578,0.2689686591221569
1300,41.0,Male,South,Secondary,Salaried,3000000.0,2025-05-29,0.0,TXN10300,1721343.16,Home,769.94,12.0,42.0,P003,12.83,Home Loan,Home Loan,8.5,500.0,2025,5,29,Thursday,0.0,1,Very High,1,2.0,2.3746454488045363,0.24050632911392406,0.11475621066666666,4.834918148305114,57.37810533333333,4.066940910862554,0.017129709748031335,7.5748336835427175,1.7074573989437218,0.5737810533333333,15.3,2.7450980392156863,0.5737810533333333
1301,50.0,Female,North,Graduate,Self-Employed,1251266.58,2019-08-20,1.0,TXN10301,1157145.35,Business,682.55,24.0,13.0,P005,8.7,Business Loan,Business Loan,11.75,400.0,2019,8,20,Tuesday,1.0,0,Very High,0,0.0,0.4218343962640842,0.09293388860759495,0.07714302333333334,1.1587111847725915,92.477923449374,4.537725295574696,0.010697713033191012,9.61654425713177,1.251767526534572,0.92477923449374,85.6,0.1518691588785047,0.92477923449374
1302,45.0,Male,North,Graduate,Self-Employed,791446.07,2023-11-18,0.0,TXN10302,704214.58,Home,692.59,48.0,34.0,P003,7.27,Home Loan,Home Loan,8.5,500.0,2023,11,18,Saturday,1.0,1,High,0,2.0,-0.09164728358668907,0.054130470042194095,0.046947638666666666,0.19207136334281846,88.97821427049351,4.499567577366945,0.011113801358557626,9.43282642003411,0.6570133668058905,0.889782142704935,33.9,1.0029498525073748,0.889782142704935
1303,50.0,Male,South,Post-Graduate,Self-Employed,700079.72,2019-09-08,0.0,TXN10303,403342.26,Home,605.11,6.0,42.0,P003,21.21,Home Loan,Home Loan,8.5,500.0,2019,9,8,Sunday,2.0,1,,0,2.0,-0.19367610974721347,0.04642022953586498,0.026889484,0.0,57.61376147276485,4.070969506432172,0.017060839892772527,7.590372946882442,-0.044938497080266517,0.5761376147276485,84.96666666666667,0.4943114947038054,0.5761376147276485
1304,22.0,Female,North,Secondary,Salaried,5000000.0,2020-08-05,0.0,TXN10304,420864.92,Home,619.46,60.0,21.0,P003,6.24,Home Loan,Home Loan,8.5,500.0,2020,8,5,Wednesday,0.0,0,Very High,0,1.0,4.608045954800987,0.4092827004219409,0.02805766133333333,9.03934052794091,8.4172984,2.2425482533997902,0.10618756648934476,2.901258071940516,0.009955685236959005,0.08417298399999999,73.9,0.2841677943166441,0.08417298399999999
1305,36.0,Male,West,Graduate,Salaried,932340.11,2022-05-01,0.0,TXN10305,529096.48,Home,780.87,36.0,22.0,P003,8.38,Home Loan,Home Loan,8.5,500.0,2022,5,1,Sunday,1.0,1,High,1,1.0,0.0656891265272531,0.0660202624472574,0.03527309866666666,0.4882603908094691,56.74929935171404,4.056111216890452,0.017316227404070128,7.533213082856083,0.30156627474816117,0.5674929935171404,52.766666666666666,0.4169298799747315,0.5674929935171404
1306,41.0,Female,North,Post-Graduate,Salaried,998195.26,2019-07-10,0.0,TXN10306,426718.57,Education,802.09,36.0,57.0,P004,10.91,Education Loan,Education Loan,9.25,600.0,2019,7,10,Wednesday,2.0,0,High,1,3.0,0.1392295891934892,0.07157765907172997,0.028447904666666666,0.6267018240466052,42.749007844417136,3.7784689347045832,0.02285766121957006,6.5382725428370705,0.027737548405000867,0.42749007844417136,86.96666666666667,0.6554235339210426,0.42749007844417136
1307,52.0,Male,South,Post-Graduate,Salaried,950190.79,2018-10-05,1.0,TXN10307,347389.36,Business,659.76,18.0,4.0,P006,15.54,Credit Builder Loan,Credit Loan,14.5,700.0,2018,10,5,Friday,2.0,1,High,0,0.0,0.08562298539944352,0.06752664894514769,0.023159290666666665,0.5257862900513277,36.55995865840796,3.625938553658092,0.0266240974622624,6.046483164485614,-0.239488868042461,0.3655995865840796,96.23333333333333,0.04156563907170073,0.3655995865840796
1308,34.0,Female,West,Graduate,Salaried,735352.3,2023-07-07,0.0,TXN10308,483267.42,Home,683.91,12.0,18.0,P003,14.26,Home Loan,Home Loan,8.5,500.0,2023,7,7,Friday,1.0,0,High,0,1.0,-0.15428721073731325,0.04939681856540085,0.032217828,0.07415041236974715,65.71916889360378,4.200492301342268,0.014988196294751325,8.106736019730985,0.18688669712292016,0.6571916889360379,38.36666666666667,0.46915725456125107,0.6571916889360379
1309,45.0,Female,South,Graduate,Salaried,628002.54,2019-05-06,0.0,TXN10309,271272.25,Education,603.11,60.0,5.0,P004,7.14,Education Loan,Education Loan,9.25,600.0,2019,5,6,Monday,1.0,0,Medium,0,0.0,-0.27416471488861205,0.040337767088607604,0.018084816666666666,-0.15152145432651867,43.19604344275423,3.7886352702071435,0.022626459793743055,6.57236969766265,-0.5678661757673156,0.4319604344275423,89.13333333333334,0.05609573672400897,0.4319604344275423
1310,41.0,Male,South,Graduate,Salaried,644116.77,2018-09-12,0.0,TXN10310,291034.34,Education,779.68,18.0,19.0,P004,9.93,Education Loan,Education Loan,9.25,600.0,2018,9,12,Wednesday,1.0,1,Medium,1,1.0,-0.25616995017074046,0.041697617721519,0.019402289333333336,-0.11764593970521944,45.183475039781996,3.8326220509822257,0.021652766474125427,6.721865443445145,-0.4737106184768652,0.45183475039781995,97.0,0.1958762886597938,0.45183475039781995
1311,46.0,Male,East,Post-Graduate,Salaried,628842.47,2024-08-25,0.0,TXN10311,418026.74,Home,736.56,36.0,2.0,P003,9.06,Home Loan,Home Loan,8.5,500.0,2024,8,25,Sunday,2.0,1,Medium,1,0.0,-0.2732267648451113,0.04040864725738397,0.027868449333333333,-0.14975574408185507,66.47558966556441,4.211765897888698,0.014820174302386888,8.153256384142743,0.001236227492242669,0.6647558966556442,24.533333333333335,0.08152173913043478,0.6647558966556442
1312,23.0,Male,East,Graduate,Self-Employed,1305908.03,2020-06-10,0.0,TXN10312,1523947.92,Education,845.0,24.0,12.0,P004,8.63,Education Loan,Education Loan,9.25,600.0,2020,6,10,Wednesday,1.0,1,Very High,1,0.0,0.48285251730327405,0.09754498143459917,0.10159652799999999,1.2735790523904666,116.6964200380941,4.76810859781465,0.008496435147953828,10.802611723009122,1.5695399135099215,1.166964200380941,75.76666666666667,0.15838099428068633,1.166964200380941
1313,52.0,Male,South,Secondary,Unemployed,970233.28,2019-06-26,0.0,TXN10313,760487.33,Home,605.34,12.0,17.0,P003,11.99,Home Loan,Home Loan,8.5,500.0,2019,6,26,Wednesday,0.0,1,High,0,1.0,0.10800443905315792,0.0692179983122363,0.05069915533333333,0.5679198368011411,78.38190522592669,4.374270448401317,0.012597329292537476,8.853355591295692,0.7509386476821878,0.7838190522592668,87.43333333333334,0.19443385436523064,0.7838190522592668
1314,58.0,Other,South,Post-Graduate,Unemployed,150000.0,2021-07-11,1.0,TXN10314,50000.0,Home,647.87,6.0,10.0,P003,16.97,Home Loan,Home Loan,8.5,500.0,2021,7,11,Sunday,2.0,2,Low,0,0.0,-0.8079502722404066,0.0,0.0033333333333333335,-1.1563837426758963,33.33333333333333,3.536116699561526,0.029126213592233014,5.773502691896257,-3.034044426010817,0.3333333333333333,62.56666666666667,0.15982951518380392,0.3333333333333333
1315,54.0,Male,South,Graduate,Salaried,1004078.78,2022-06-22,0.0,TXN10315,230298.31,Home,682.55,24.0,34.0,P003,8.7,Home Loan,Home Loan,8.5,500.0,2022,6,22,Wednesday,1.0,1,High,0,2.0,0.14579971746600937,0.07207415864978904,0.015353220666666667,0.6390702256261227,22.936278964086863,3.1753952563066585,0.041777587965964307,4.789183538358794,-0.7895938780272376,0.22936278964086862,51.03333333333333,0.666231221423906,0.22936278964086862
1316,41.0,Female,East,Graduate,Salaried,779135.71,2020-04-04,0.0,TXN10316,895222.55,Home,734.95,60.0,6.0,P003,11.23,Home Loan,Home Loan,8.5,500.0,2020,4,4,Saturday,1.0,0,High,1,0.0,-0.10539426571318829,0.05309162109704642,0.05968150333333334,0.16619238680013185,114.89943773723323,4.752722899058988,0.008628169553912731,10.719115529614989,0.947951193644805,1.1489943773723323,78.0,0.07692307692307693,1.1489943773723323
1317,46.0,Male,East,Secondary,Salaried,692834.06,2021-09-14,0.0,TXN10317,320196.95,Home,661.67,24.0,8.0,P003,11.65,Home Loan,Home Loan,8.5,500.0,2021,9,14,Tuesday,0.0,1,Medium,0,0.0,-0.2017673401023525,0.04580878143459916,0.021346463333333333,-0.015231907529615776,46.215532475409766,3.8547229163261147,0.021179470982791694,6.798200679254016,-0.3468541126345777,0.46215532475409765,60.4,0.13245033112582782,0.46215532475409765
1318,48.0,Female,North,Graduate,Self-Employed,565321.83,2018-10-08,0.0,TXN10318,139448.13,Business,605.8,18.0,51.0,P005,21.6,Business Loan,Business Loan,11.75,400.0,2018,10,8,Monday,1.0,0,Medium,0,3.0,-0.34416027960372053,0.035048255696202534,0.009296542,-0.28328954427424946,24.66703435103506,3.2452074584479695,0.03896048083793029,4.966591824484378,-1.490953481511397,0.24667034351035058,96.13333333333334,0.5305131761442441,0.24667034351035058
1319,52.0,Female,North,Graduate,Salaried,700079.72,2021-07-22,1.0,TXN10319,1011909.09,Home,754.92,18.0,11.0,P003,21.23,Home Loan,Home Loan,8.5,500.0,2021,7,22,Thursday,1.0,0,,1,0.0,-0.19367610974721347,0.04642022953586498,0.06746060599999999,0.0,144.54198016191643,4.9804645684462585,0.006870869826612867,12.022561297906384,1.0939267950726626,1.4454198016191642,62.2,0.17684887459807072,1.4454198016191642
1320,50.0,Female,South,Graduate,Salaried,1178761.85,2020-02-12,0.0,TXN10320,948704.34,Home,741.3,24.0,57.0,P003,18.6,Home Loan,Home Loan,8.5,500.0,2020,2,12,Wednesday,1.0,0,Very High,1,3.0,0.3408683459295162,0.0868153459915612,0.063246956,1.006290930051866,80.48312218451929,4.400395909040272,0.012272480155282841,8.971238609273486,1.0172969567675694,0.8048312218451928,79.73333333333333,0.7148829431438127,0.8048312218451928
1321,38.0,Male,West,Secondary,Self-Employed,457601.0,2025-11-30,0.0,TXN10321,380234.42,Home,602.12,24.0,12.0,P003,9.11,Home Loan,Home Loan,8.5,500.0,2025,11,30,Sunday,0.0,1,Low,0,0.0,-0.4644521577178994,0.02595789029535865,0.025348961333333333,-0.5097414784767209,83.09300460444797,4.431923384024028,0.0118915955578439,9.115536440849105,-0.12146488725447022,0.8309300460444797,9.133333333333333,1.3138686131386863,0.8309300460444797
1322,49.0,Male,West,Graduate,Salaried,875643.54,2025-07-29,1.0,TXN10322,377202.83,Education,795.21,48.0,9.0,P004,6.16,Education Loan,Education Loan,9.25,600.0,2025,7,29,Tuesday,1.0,1,High,1,0.0,0.0023760524641215446,0.06123574177215191,0.025146855333333336,0.3690722269311754,43.077212674920204,3.7859429295177662,0.022687460011939387,6.563323295017564,-0.13188147479350645,0.43077212674920207,13.266666666666667,0.6783919597989949,0.43077212674920207
1323,40.0,Male,East,Post-Graduate,Salaried,700079.72,2018-11-24,1.0,TXN10323,68039.98,Education,779.47,24.0,2.0,P004,10.39,Education Loan,Education Loan,9.25,600.0,2018,11,24,Saturday,2.0,1,,1,0.0,-0.19367610974721347,0.04642022953586498,0.004535998666666667,0.0,9.718890300093253,2.3720076335020783,0.09329323950552046,3.1175134803386584,-2.554542961629438,0.09718890300093252,94.56666666666666,0.021149101163200564,0.09718890300093252
1324,50.0,Female,East,Secondary,Salaried,327762.86,2024-03-08,0.0,TXN10324,381275.43,Education,691.42,24.0,8.0,P004,9.54,Education Loan,Education Loan,9.25,600.0,2024,3,8,Friday,0.0,0,Low,0,0.0,-0.6094424415047184,0.01500108523206751,0.025418362,-0.7826886692498638,116.32661186810489,4.764961600074112,0.008523215526961355,10.785481531582393,-0.1179089360115589,1.163266118681049,30.2,0.26490066225165565,1.163266118681049
1325,20.0,Female,East,Post-Graduate,Salaried,495905.74,2025-08-06,0.0,TXN10325,205026.13,Business,686.77,12.0,58.0,P006,13.6,Credit Builder Loan,Credit Loan,14.5,700.0,2025,8,6,Wednesday,2.0,0,Low,0,3.0,-0.4216772448688681,0.029190357805907174,0.013668408666666666,-0.4292168254256557,41.3437702898942,3.745821309684893,0.023616224846153125,6.429912152579862,-0.9491120305639781,0.41343770289894205,13.0,4.461538461538462,0.41343770289894205
1326,35.0,Other,South,Graduate,Salaried,1124840.75,2020-07-11,1.0,TXN10326,967169.12,Business,727.09,60.0,11.0,P005,18.22,Business Loan,Business Loan,11.75,400.0,2020,7,11,Saturday,1.0,2,Very High,1,0.0,0.28065463991757345,0.08226504219409284,0.06447794133333333,0.892937390264576,85.98275978177355,4.465709935589727,0.011496531065568017,9.27268891863485,1.0402489073637433,0.8598275978177355,74.73333333333333,0.1471900089206066,0.8598275978177355
1327,42.0,Male,West,Post-Graduate,Salaried,1182397.11,2019-07-06,0.0,TXN10327,1054652.54,Home,606.76,12.0,60.0,P003,19.59,Home Loan,Home Loan,8.5,500.0,2019,7,6,Saturday,2.0,1,Very High,0,3.0,0.34492784169123053,0.08712211898734179,0.07031016933333334,1.0139330143017635,89.19613648243778,4.50198659336229,0.011086949386071668,9.444370623945133,1.1428339197397441,0.8919613648243778,87.1,0.6888633754305397,0.8919613648243778
1328,59.0,Female,North,Graduate,Salaried,928227.93,2023-09-05,0.0,TXN10328,733771.41,Education,682.55,6.0,53.0,P004,19.36,Education Loan,Education Loan,9.25,600.0,2023,9,5,Tuesday,1.0,0,High,0,3.0,0.061097054080878926,0.0656732430379747,0.048918094,0.4796157199989239,79.05077904734024,4.3826611714046155,0.012492070806814038,8.891050503024951,0.7073317522684064,0.7905077904734024,36.36666666666667,1.457378551787351,0.7905077904734024
1329,48.0,Female,South,Graduate,Salaried,1043027.71,2023-09-06,0.0,TXN10329,499143.79,Business,497.05,36.0,36.0,P005,11.11,Business Loan,Business Loan,11.75,400.0,2023,9,6,Wednesday,1.0,0,Very High,0,2.0,0.18929399745101946,0.07536098818565401,0.033276252666666666,0.7209491021035567,47.855276059731914,3.888862377973565,0.020468618348965427,6.9177507948560795,0.2279156581282856,0.4785527605973191,36.333333333333336,0.9908256880733944,0.4785527605973191
1330,20.0,Male,North,Graduate,Self-Employed,929808.26,2019-12-03,0.0,TXN10330,404142.15,Business,754.5,24.0,10.0,P006,16.68,Credit Builder Loan,Credit Loan,14.5,700.0,2019,12,3,Tuesday,1.0,1,High,1,0.0,0.06286180899169956,0.06580660421940929,0.02694281,0.4829379074085287,43.465106451087024,3.794704756890951,0.02248954471974627,6.592807175330325,-0.04237616254060905,0.43465106451087027,82.1,0.1218026796589525,0.43465106451087027
1331,57.0,Male,North,Post-Graduate,Salaried,491895.09,2023-04-04,1.0,TXN10331,382473.86,Business,547.27,24.0,21.0,P005,10.32,Business Loan,Business Loan,11.75,400.0,2023,4,4,Tuesday,2.0,1,Low,0,1.0,-0.4261559387385554,0.028851906329113927,0.025498257333333333,-0.4376480587340988,77.75516929839654,4.366343917435809,0.012697579205386332,8.817889163422079,-0.11382840842471299,0.7775516929839653,41.5,0.5060240963855421,0.7775516929839653
1332,41.0,Female,South,Graduate,Salaried,887703.45,2025-06-22,0.0,TXN10332,940433.4,Home,807.79,24.0,20.0,P003,6.04,Home Loan,Home Loan,8.5,500.0,2025,6,22,Sunday,1.0,0,High,1,1.0,0.01584335701225728,0.06225345569620254,0.06269556,0.39442470468137203,105.94004112522038,4.6722683140840084,0.009351034369147661,10.292717868727403,1.006856838832108,1.0594004112522037,14.5,1.3793103448275863,1.0594004112522037
1333,49.0,Female,North,Graduate,Salaried,1087139.89,2024-09-26,1.0,TXN10333,1243764.59,Home,651.94,36.0,48.0,P003,16.93,Home Loan,Home Loan,8.5,500.0,2024,9,26,Thursday,1.0,0,Very High,0,3.0,0.23855408001732267,0.07908353502109704,0.08291763933333333,0.8136822205068178,114.40704194931162,4.748465374303316,0.00866498250981265,10.696122753096638,1.335887959253664,1.1440704194931162,23.466666666666665,2.0454545454545454,1.1440704194931162
1334,39.0,Female,West,Graduate,Unemployed,6500000.0,2018-06-16,0.0,TXN10334,9000000.0,Home,662.01,12.0,8.0,P003,5.17,Home Loan,Home Loan,8.5,500.0,2018,6,16,Saturday,1.0,0,Very High,0,0.0,6.283096334298326,0.5358649789029537,0.6,12.192657312667757,138.46153846153845,4.9377888532933145,0.007170435741864314,11.766968108291042,3.4296385940597656,1.3846153846153846,99.93333333333334,0.0800533689126084,1.3846153846153846
1335,40.0,Male,North,Post-Graduate,Salaried,1346121.39,2018-06-18,0.0,TXN10335,420757.22,Education,626.64,48.0,36.0,P004,11.96,Education Loan,Education Loan,9.25,600.0,2018,6,18,Monday,2.0,1,Very High,0,2.0,0.5277587865891826,0.10093851392405064,0.028050481333333332,1.3581160277626418,31.25700424387432,3.4737352055169155,0.031001018955128242,5.590796387266694,0.009625986713822185,0.3125700424387432,99.86666666666666,0.3604806408544727,0.3125700424387432
1336,19.0,Female,West,Graduate,Salaried,1033439.1,2018-08-17,0.0,TXN10336,1180159.62,Home,655.52,36.0,29.0,P003,10.6,Home Loan,Home Loan,8.5,500.0,2018,8,17,Friday,1.0,0,Very High,0,2.0,0.17858639423811817,0.07455182278481014,0.078677308,0.7007918188667569,114.1973068369486,4.74664636983703,0.008680758495642696,10.68631399674128,1.2747745524374892,1.141973068369486,97.86666666666666,0.2963215258855586,1.141973068369486
1337,44.0,Male,West,Graduate,Self-Employed,849269.74,2023-06-26,1.0,TXN10337,784183.4,Home,800.58,24.0,42.0,P003,16.79,Home Loan,Home Loan,8.5,500.0,2023,6,26,Monday,1.0,1,High,1,2.0,-0.02707557666840311,0.05901010464135022,0.05227889333333333,0.31362892945315607,92.33619933285271,4.536208021167393,0.01071395671934134,9.609172666408524,0.7882342873313903,0.9233619933285272,38.733333333333334,1.0843373493975903,0.9233619933285272
1338,59.0,Male,West,Graduate,Self-Employed,1261003.32,2019-01-02,0.0,TXN10338,1358281.55,Business,468.54,24.0,12.0,P006,18.03,Credit Builder Loan,Credit Loan,14.5,700.0,2019,1,2,Wednesday,1.0,1,Very High,0,0.0,0.43270741628546217,0.09375555443037976,0.09055210333333334,1.1791798685529389,107.71435161645728,4.688723815002247,0.009198417551419393,10.378552481750877,1.437742309628432,1.0771435161645728,93.26666666666667,0.12866333095067906,1.0771435161645728
1339,19.0,Male,East,Post-Graduate,Salaried,689863.42,2019-06-12,0.0,TXN10339,250257.8,Home,788.54,12.0,14.0,P003,10.17,Home Loan,Home Loan,8.5,500.0,2019,6,12,Wednesday,2.0,1,Medium,1,0.0,-0.20508465454191918,0.045558094514767944,0.01668385333333333,-0.021476820178536447,36.276427006377574,3.618361143120637,0.026826605453063174,6.022991532982391,-0.6766134994106553,0.36276427006377576,87.9,0.15927189988623436,0.36276427006377576
1340,43.0,Female,North,Secondary,Self-Employed,430974.65,2020-03-01,1.0,TXN10340,330542.55,Business,708.73,36.0,48.0,P006,18.8,Credit Builder Loan,Credit Loan,14.5,700.0,2020,3,1,Sunday,0.0,0,Low,1,3.0,-0.4941858094993186,0.02371094092827005,0.02203617,-0.5657156893907287,76.6965179970562,4.35281044294675,0.01287058964518704,8.757654822899577,-0.30486851241345003,0.766965179970562,79.13333333333334,0.6065711878685762,0.766965179970562
1341,34.0,Female,South,Graduate,Salaried,639952.21,2019-06-08,0.0,TXN10341,567123.46,Home,577.4,24.0,54.0,P003,10.0,Home Loan,Home Loan,8.5,500.0,2019,6,8,Saturday,1.0,0,Medium,0,3.0,-0.2608205153763668,0.04134617805907173,0.037808230666666665,-0.1264007243378876,88.6196580210263,4.495574693472857,0.011158266189382055,9.413801464925118,0.3887483812694404,0.8861965802102629,88.03333333333333,0.6134040136312003,0.8861965802102629
1342,57.0,Female,South,Secondary,Salaried,464696.21,2020-12-31,1.0,TXN10342,401552.12,Home,682.55,18.0,50.0,P003,12.59,Home Loan,Home Loan,8.5,500.0,2020,12,31,Thursday,0.0,0,Low,0,3.0,-0.4565289349158238,0.02655664219409283,0.026770141333333334,-0.494825848620613,86.41174844098684,4.470629695149315,0.01144010980028751,9.295791974919988,-0.05069318803597479,0.8641174844098685,68.96666666666667,0.7249879168680522,0.8641174844098685
1343,50.0,Male,North,Graduate,Salaried,482862.67,2022-07-27,0.0,TXN10343,279364.68,Home,822.49,24.0,21.0,P003,17.36,Home Loan,Home Loan,8.5,500.0,2022,7,27,Wednesday,1.0,1,Low,1,1.0,-0.4362424444377417,0.028089676793248947,0.018624312,-0.45663611312923386,57.85592827045421,4.07509256389968,0.0169906418841074,7.606308452229255,-0.5284293416836924,0.578559282704542,49.86666666666667,0.42112299465240643,0.578559282704542
1344,26.0,Female,East,Graduate,Salaried,646514.14,2023-11-24,1.0,TXN10344,107427.79,Business,599.63,60.0,22.0,P006,16.78,Credit Builder Loan,Credit Loan,14.5,700.0,2023,11,24,Friday,1.0,0,Medium,0,1.0,-0.2534928064852101,0.04189992742616034,0.007161852666666666,-0.11260616166508572,16.616464103940558,2.8688339252248247,0.056765080330525235,4.076329734447467,-1.8691858249531748,0.16616464103940556,33.7,0.6528189910979227,0.16616464103940556
1345,60.0,Male,East,Graduate,Self-Employed,452708.93,2025-08-11,0.0,TXN10345,344996.96,Home,581.97,24.0,21.0,P003,21.79,Home Loan,Home Loan,8.5,500.0,2025,8,11,Monday,1.0,1,Low,0,1.0,-0.4699151335245844,0.02554505738396625,0.022999797333333336,-0.5200256427720934,76.20723540841132,4.346493175545896,0.01295215396212795,8.7296755614634,-0.248559106027775,0.7620723540841132,12.833333333333334,1.6363636363636362,0.7620723540841132
1346,56.0,Female,West,Graduate,Salaried,700079.72,2023-03-24,0.0,TXN10346,245684.02,Home,776.67,60.0,44.0,P003,8.83,Home Loan,Home Loan,8.5,500.0,2023,3,24,Friday,1.0,0,,1,2.0,-0.19367610974721347,0.04642022953586498,0.016378934666666668,0.0,35.09372046943454,3.5861189019929802,0.02770565037336165,5.923995313083438,-0.7016088677024609,0.35093720469434536,41.86666666666667,1.0509554140127388,0.35093720469434536
1347,46.0,Male,North,Graduate,Salaried,247050.38,2021-07-29,0.0,TXN10347,418026.74,Business,708.78,18.0,50.0,P006,16.26,Credit Builder Loan,Credit Loan,14.5,700.0,2021,7,29,Thursday,1.0,1,Low,1,3.0,-0.6995740883408327,0.008189905485232069,0.027868449333333333,-0.952363347863817,169.20708237728675,5.137015827360981,0.005875196178872077,13.007962268444922,0.001236227492242669,1.6920708237728677,61.96666666666667,0.8068854222700377,1.6920708237728677
1348,59.0,Male,North,Graduate,Salaried,787128.78,2018-05-13,0.0,TXN10348,909495.88,Home,682.55,6.0,30.0,P003,15.36,Home Loan,Home Loan,8.5,500.0,2018,5,13,Sunday,1.0,1,High,0,2.0,-0.09646840242195569,0.0537661417721519,0.06063305866666667,0.18299550799512973,115.54600760500715,4.758286110111764,0.008580302496411186,10.749232884490276,0.9668936996973873,1.1554600760500715,101.06666666666666,0.29683377308707126,1.1554600760500715
1349,43.0,Male,South,Secondary,Self-Employed,700464.26,2025-01-25,0.0,TXN10349,398555.12,Education,698.41,12.0,39.0,P004,20.56,Education Loan,Education Loan,9.25,600.0,2025,1,25,Saturday,0.0,1,High,0,2.0,-0.1932466938319255,0.04645268016877638,0.026570341333333334,0.0008083842909326529,56.89870886488912,4.05869508493289,0.017271542312516385,7.543123283155932,-0.06039073527525469,0.5689870886488912,19.433333333333334,2.006861063464837,0.5689870886488912
1350,52.0,Male,North,Graduate,Salaried,446608.15,2024-05-05,1.0,TXN10350,460806.58,Education,592.81,24.0,20.0,P004,7.66,Education Loan,Education Loan,9.25,600.0,2024,5,5,Sunday,1.0,1,Low,0,1.0,-0.47672787609407086,0.02503022362869199,0.03072043866666667,-0.5328507707547105,103.17916948000165,4.646112200313698,0.009598847879008684,10.157714776464323,0.12624689387701138,1.0317916948000165,28.266666666666666,0.7075471698113208,1.0317916948000165
1351,42.0,Male,East,Secondary,Salaried,1005927.67,2025-06-13,0.0,TXN10351,350030.27,Home,773.57,12.0,24.0,P003,17.78,Home Loan,Home Loan,8.5,500.0,2025,6,13,Friday,0.0,1,High,1,1.0,0.14786437339677527,0.07223018312236287,0.023335351333333334,0.6429569828728652,34.79676327026574,3.5778574778742027,0.02793548658156591,5.898878136583748,-0.22955560040293888,0.34796763270265746,14.8,1.6216216216216215,0.34796763270265746
1352,41.0,Female,North,Secondary,Salaried,1172324.62,2022-07-01,0.0,TXN10352,1003607.79,Education,770.22,6.0,23.0,P004,14.66,Education Loan,Education Loan,9.25,600.0,2022,7,1,Friday,0.0,0,Very High,1,1.0,0.33367988955990846,0.08627211983122364,0.06690718600000001,0.9927585131144346,85.60835223267766,4.461396257022586,0.01154623052189528,9.252478167100836,1.084166074760777,0.8560835223267766,50.733333333333334,0.4533508541392904,0.8560835223267766
1353,30.0,Male,South,Graduate,Self-Employed,289143.3,2025-10-09,1.0,TXN10353,339991.26,Home,725.22,48.0,7.0,P003,9.67,Home Loan,Home Loan,8.5,500.0,2025,10,9,Thursday,1.0,1,Low,1,0.0,-0.6525689139273987,0.011742050632911392,0.022666084,-0.8638751404277075,117.58572998233056,4.775636158770821,0.008432717833326163,10.843695402506038,-0.26776207944812885,1.1758572998233057,10.866666666666667,0.6441717791411042,1.1758572998233057
1354,24.0,Female,West,Graduate,Self-Employed,460163.43,2023-03-04,0.0,TXN10354,118256.37,Education,710.74,48.0,9.0,P004,13.07,Education Loan,Education Loan,9.25,600.0,2023,3,4,Saturday,1.0,0,Low,1,0.0,-0.46159069148860915,0.026174129113924055,0.007883758,-0.5043547094575959,25.698776193492822,3.2846177289060203,0.037454900282797444,5.069396038335614,-1.728846949438667,0.2569877619349282,42.53333333333333,0.21159874608150472,0.2569877619349282
1355,53.0,Male,South,Graduate,Unemployed,458542.07,2022-11-06,0.0,TXN10355,72787.11,Home,829.7,36.0,1.0,P003,10.67,Home Loan,Home Loan,8.5,500.0,2022,11,6,Sunday,1.0,1,Low,1,0.0,-0.4634012646108103,0.026037305485232073,0.004852474,-0.507763150592319,15.87359476089075,2.8257499598624727,0.0592641943919252,3.98416801363732,-2.45144297264132,0.1587359476089075,46.46666666666667,0.02152080344332855,0.1587359476089075
1356,37.0,Female,South,Graduate,Salaried,417437.0,2018-01-18,0.0,TXN10356,252658.72,Education,679.97,12.0,26.0,P004,14.85,Education Loan,Education Loan,9.25,600.0,2018,1,18,Thursday,1.0,0,Low,0,1.0,-0.5093033066793201,0.02256852320675106,0.016843914666666668,-0.594174688704567,60.52619197627427,4.119462969941936,0.01625324057737264,7.779858094867429,-0.6636922065297746,0.6052619197627427,104.9,0.24785510009532888,0.6052619197627427
1357,18.0,Female,West,Graduate,Salaried,1104658.48,2022-11-13,0.0,TXN10357,273134.27,Home,579.54,12.0,38.0,P003,20.11,Home Loan,Home Loan,8.5,500.0,2022,11,13,Sunday,1.0,0,Very High,0,2.0,0.25811709390249493,0.0805618970464135,0.018208951333333334,0.8505099964346499,24.725675396073544,3.2474895358389713,0.038871671379039005,4.972491869885113,-0.5586788636352457,0.24725675396073546,46.233333333333334,0.821917808219178,0.24725675396073546
1358,25.0,Female,South,Post-Graduate,Salaried,629216.85,2018-04-27,1.0,TXN10358,5000000.0,Education,718.21,6.0,38.0,P004,14.68,Education Loan,Education Loan,9.25,600.0,2018,4,27,Friday,2.0,0,Medium,1,2.0,-0.27280869460439383,0.04044024050632911,0.3333333333333333,-0.14896871825661104,794.638605116821,6.679145069076634,0.0012568520350431881,28.189334953432674,2.8486416620453183,7.9463860511682105,101.6,0.37401574803149606,7.9463860511682105
1359,33.0,Male,South,Graduate,Salaried,605223.11,2020-03-08,0.0,TXN10359,671964.76,Home,682.55,36.0,54.0,P003,15.74,Home Loan,Home Loan,8.5,500.0,2020,3,8,Sunday,1.0,1,Medium,0,3.0,-0.2996025101327675,0.03841545232067511,0.04479765066666667,-0.19940862697019232,111.0276109582134,4.718745367325072,0.008926370842389942,10.536964029463771,0.5994000471523896,1.110276109582134,78.9,0.6844106463878327,1.110276109582134
1360,31.0,Female,North,Graduate,Salaried,232515.3,2025-02-11,1.0,TXN10360,140839.64,Home,593.75,60.0,44.0,P003,13.82,Home Loan,Home Loan,8.5,500.0,2025,2,11,Tuesday,1.0,0,Low,0,2.0,-0.7158054158541821,0.006963316455696202,0.009389309333333335,-0.9829191556847154,60.5722032055525,4.120210522033951,0.01624109497367834,7.782814606911339,-1.476743122188485,0.605722032055525,18.866666666666667,2.3321554770318023,0.605722032055525
1361,29.0,Female,North,Secondary,Unemployed,992830.79,2022-09-08,1.0,TXN10361,418624.35,Home,649.28,24.0,22.0,P003,5.87,Home Loan,Home Loan,8.5,500.0,2022,9,8,Thursday,0.0,0,High,0,1.0,0.13323908418728786,0.0711249611814346,0.02790829,0.6154245751851629,42.16472275200086,3.765023558685296,0.023167066443248403,6.493436898284364,0.003077585518830356,0.42164722752000866,48.43333333333333,0.45423262216104615,0.42164722752000866
1362,40.0,Male,West,Graduate,Salaried,354067.73,2020-01-23,0.0,TXN10362,214608.77,Home,715.4,12.0,44.0,P003,8.96,Home Loan,Home Loan,8.5,500.0,2020,1,23,Thursday,1.0,1,Low,1,2.0,-0.580067786520633,0.017220905485232064,0.014307251333333333,-0.7273902771891586,60.61234950725388,4.1208623294601034,0.0162305123566545,7.785393343130062,-0.8862127919871182,0.6061234950725388,80.4,0.5472636815920398,0.6061234950725388
1363,32.0,Male,North,Graduate,Salaried,723458.57,2024-10-05,0.0,TXN10363,658072.54,Business,675.42,24.0,10.0,P006,13.36,Credit Builder Loan,Credit Loan,14.5,700.0,2024,10,5,Saturday,1.0,1,High,0,0.0,-0.16756894203740594,0.0483931282700422,0.043871502666666666,0.04914728007507412,90.96202150179796,4.521375682056568,0.010874054133101553,9.537401192242987,0.5736414114811401,0.9096202150179796,23.166666666666668,0.4316546762589928,0.9096202150179796
1364,45.0,Female,North,Graduate,Salaried,815366.46,2021-10-24,1.0,TXN10364,130056.55,Home,596.5,18.0,55.0,P003,10.27,Home Loan,Home Loan,8.5,500.0,2021,10,24,Sunday,1.0,0,High,0,3.0,-0.06493537802187282,0.056149068354430384,0.008670436666666666,0.24235707486562666,15.95068676236695,2.830308349959472,0.05899465986358435,3.993831088362019,-1.5911202410560035,0.1595068676236695,59.06666666666667,0.9311512415349886,0.1595068676236695
1365,51.0,Female,South,Graduate,Salaried,700079.72,2025-05-17,1.0,TXN10365,1137607.8,Business,775.36,24.0,58.0,P006,8.09,Credit Builder Loan,Credit Loan,14.5,700.0,2025,5,17,Saturday,1.0,0,,1,3.0,-0.19367610974721347,0.04642022953586498,0.07584052000000001,0.0,162.49689392516612,5.096793992757259,0.006116324145324182,12.747426953121407,1.2318391270757434,1.6249689392516613,15.7,3.694267515923567,1.6249689392516613
1366,19.0,Female,East,Graduate,Salaried,340777.28,2025-02-18,0.0,TXN10366,270562.25,Business,850.0,36.0,6.0,P006,13.57,Credit Builder Loan,Credit Loan,14.5,700.0,2025,2,18,Tuesday,1.0,0,Low,1,0.0,-0.5949092353980932,0.016099348523206755,0.018037483333333333,-0.7553296098968738,79.3956246144109,4.386959754485317,0.012438487850503622,8.91042224669577,-0.5713875673158553,0.7939562461441091,18.633333333333333,0.3220035778175313,0.7939562461441091
1367,49.0,Male,North,Graduate,Salaried,150000.0,2023-09-29,1.0,TXN10367,122935.9,Education,696.67,36.0,17.0,P004,10.49,Education Loan,Education Loan,9.25,600.0,2023,9,29,Friday,1.0,1,Low,0,1.0,-0.8079502722404066,0.0,0.008195726666666667,-1.1563837426758963,81.95726666666665,4.418325615773216,0.012054399092223387,9.053025277036769,-1.6725008541673227,0.8195726666666666,35.56666666666667,0.47797563261480785,0.8195726666666666
1368,40.0,Female,East,Graduate,Salaried,774484.45,2019-11-09,1.0,TXN10368,312987.12,Home,603.15,12.0,51.0,P003,9.39,Home Loan,Home Loan,8.5,500.0,2019,11,9,Saturday,1.0,0,High,0,3.0,-0.11058832893194882,0.05269910970464135,0.020865808,0.15641445598137943,40.41231815564535,3.7235783765664574,0.024147404553436704,6.357068361725029,-0.3770024352795577,0.4041231815564535,82.9,0.6151990349819059,0.4041231815564535
1369,39.0,Male,North,Post-Graduate,Salaried,1884393.85,2018-04-16,1.0,TXN10369,1695493.47,Home,548.34,6.0,50.0,P003,12.89,Home Loan,Home Loan,8.5,500.0,2018,4,16,Monday,2.0,1,Very High,0,3.0,1.1288477788531601,0.14636235021097047,0.11303289799999999,2.4896784163454493,89.9755361651175,4.51059063702433,0.01099196599605672,9.485543535565977,1.690411498524961,0.899755361651175,101.96666666666667,0.4903563255966002,0.899755361651175
1370,42.0,Male,North,Graduate,Salaried,1383678.52,2019-10-20,0.0,TXN10370,340331.04,Business,701.93,60.0,38.0,P006,7.27,Credit Builder Loan,Credit Loan,14.5,700.0,2019,10,20,Sunday,1.0,1,Very High,1,2.0,0.56969884316207,0.10410789198312237,0.022688735999999998,1.4370690467060876,24.596106326778852,3.2424402433074535,0.03906844217762105,4.959446171376281,-0.266448836339149,0.24596106326778852,83.56666666666666,0.4547267650578381,0.24596106326778852
1371,39.0,Male,West,Post-Graduate,Unemployed,785556.99,2023-05-01,0.0,TXN10371,282198.67,Home,773.83,12.0,24.0,P003,20.77,Home Loan,Home Loan,8.5,500.0,2023,5,1,Monday,2.0,1,High,1,1.0,-0.09822362071261581,0.053633501265822794,0.018813244666666666,0.17969127346908578,35.92338602957374,3.6088451180396466,0.027083106603469444,5.99361210202777,-0.5149136082426874,0.3592338602957374,40.6,0.5911330049261083,0.3592338602957374
1372,39.0,Female,West,Secondary,Salaried,534151.99,2021-12-19,1.0,TXN10372,572260.29,Home,720.39,6.0,51.0,P003,19.75,Home Loan,Home Loan,8.5,500.0,2021,12,19,Sunday,0.0,0,Medium,1,3.0,-0.37896764781763476,0.0324178894514768,0.038150686,-0.3488151307070829,107.13435514861604,4.683374483114963,0.009247754782701902,10.350572696649014,0.4000322081844025,1.0713435514861605,57.2,0.8916083916083916,1.0713435514861605
1373,59.0,Male,West,Secondary,Salaried,1091161.24,2020-12-31,0.0,TXN10373,1010043.56,Education,679.8,12.0,10.0,P004,17.03,Education Loan,Education Loan,9.25,600.0,2020,12,31,Thursday,0.0,1,Very High,0,0.0,0.24304472257971718,0.0794228894514768,0.06733623733333334,0.8221359474749922,92.56593095260605,4.538666331675647,0.010687650834217959,9.62111900729879,1.0917409555969475,0.9256593095260606,68.96666666666667,0.14499758337361043,0.9256593095260606
1374,23.0,Female,East,Secondary,Salaried,409783.89,2020-09-14,0.0,TXN10374,67381.93,Business,629.91,6.0,56.0,P006,6.8100000000000005,Credit Builder Loan,Credit Loan,14.5,700.0,2020,9,14,Monday,0.0,0,Low,0,3.0,-0.5178495365525433,0.02192269113924051,0.004492128666666666,-0.6102631421834742,16.443284288213476,2.85895472002928,0.057328653450640914,4.0550319712936265,-2.569454593083402,0.16443284288213475,72.56666666666666,0.7717041800643087,0.16443284288213475
1375,32.0,Female,South,Graduate,Salaried,909665.64,2025-11-29,1.0,TXN10375,373686.17,Business,587.17,24.0,8.0,P006,18.19,Credit Builder Loan,Credit Loan,14.5,700.0,2025,11,29,Saturday,1.0,0,High,0,0.0,0.04036854014165245,0.06410680506329114,0.024912411333333332,0.4405938662522789,41.07950807067968,3.739560878025563,0.023764536370537655,6.409329767665234,-0.14408030498915197,0.4107950807067968,9.166666666666666,0.8727272727272728,0.4107950807067968
1376,60.0,Female,North,Post-Graduate,Self-Employed,924348.28,2022-12-14,0.0,TXN10376,346747.82,Home,750.95,36.0,21.0,P003,18.74,Home Loan,Home Loan,8.5,500.0,2022,12,14,Wednesday,2.0,0,High,1,1.0,0.056764647944334334,0.06534584641350212,0.023116521333333334,0.4714598763563468,37.5126808263223,3.65098755917492,0.02596547367111689,6.124759654576031,-0.2419143887337654,0.37512680826322303,45.2,0.46460176991150437,0.37512680826322303
1377,54.0,Male,North,Secondary,Salaried,1254127.99,2022-11-18,0.0,TXN10377,544726.29,Education,757.67,18.0,56.0,P004,18.05,Education Loan,Education Loan,9.25,600.0,2022,11,18,Friday,0.0,1,Very High,1,3.0,0.4250297335350158,0.09317535780590717,0.036315086,1.164726472893248,43.43466491007828,3.7940199060362763,0.022504951978903946,6.590498077541506,0.3382055976046911,0.4343466491007828,46.06666666666667,1.215629522431259,0.4343466491007828
1378,50.0,Female,North,Post-Graduate,Self-Employed,3000000.0,2019-03-22,0.0,TXN10378,1229813.28,Home,548.61,24.0,6.0,P003,6.94,Home Loan,Home Loan,8.5,500.0,2019,3,22,Friday,2.0,0,Very High,0,0.0,2.3746454488045363,0.24050632911392406,0.081987552,4.834918148305114,40.993776,3.737521416825884,0.023813052677139585,6.402638206239675,1.3227810038148602,0.40993776,90.63333333333334,0.06620080912100036,0.40993776
1379,25.0,Male,East,Secondary,Unemployed,868622.93,2023-05-03,1.0,TXN10379,187320.8,Home,682.55,36.0,21.0,P003,15.95,Home Loan,Home Loan,8.5,500.0,2023,5,3,Wednesday,0.0,1,High,0,1.0,-0.005463864499080313,0.06064328523206752,0.012488053333333332,0.354313422029828,21.5652607743155,3.116411589796079,0.04431590709282792,4.643841165922399,-1.074285520037335,0.215652607743155,40.53333333333333,0.518092105263158,0.215652607743155
1380,22.0,Male,West,Post-Graduate,Salaried,529085.66,2023-10-19,1.0,TXN10380,334322.64,Business,728.8,24.0,57.0,P006,19.18,Credit Builder Loan,Credit Loan,14.5,700.0,2023,10,19,Thursday,2.0,1,Medium,1,3.0,-0.3846252198104072,0.031990351054852324,0.022288176,-0.35946562632439294,63.188754728298626,4.161828035358264,0.015579052814357439,7.949135470496061,-0.2898857753731809,0.6318875472829862,34.9,1.6332378223495703,0.6318875472829862
1381,56.0,Male,South,Graduate,Unemployed,690222.81,2023-06-21,0.0,TXN10381,634570.25,Home,798.97,48.0,39.0,P003,14.82,Home Loan,Home Loan,8.5,500.0,2023,6,21,Wednesday,1.0,1,Medium,1,2.0,-0.20468332363799413,0.04558842278481014,0.042304683333333336,-0.020721306499027762,91.93701523715218,4.531922008197648,0.010759975424735219,9.588379176751,0.5286770048293622,0.9193701523715219,38.9,1.0025706940874037,0.9193701523715219
1382,21.0,Male,East,Secondary,Salaried,264565.43,2024-01-07,1.0,TXN10382,208231.06,Home,565.92,48.0,24.0,P003,15.99,Home Loan,Home Loan,8.5,500.0,2024,1,7,Sunday,0.0,1,Low,0,1.0,-0.680015027574556,0.009667968776371308,0.013882070666666666,-0.9155430137635971,78.70682877955748,4.378355263174158,0.012545976490492008,8.871686918481597,-0.9277230642342806,0.7870682877955748,32.233333333333334,0.7445708376421923,0.7870682877955748
1383,23.0,Female,West,Graduate,Salaried,477702.48,2020-02-13,0.0,TXN10383,409159.46,Home,563.9,6.0,33.0,P003,12.79,Home Loan,Home Loan,8.5,500.0,2020,2,13,Thursday,1.0,0,Low,0,2.0,-0.4420048299162606,0.027654217721518992,0.027277297333333336,-0.4674839222888203,85.65152519199818,4.461894617760868,0.011540477767520528,9.254810921461235,-0.0264296099183734,0.8565152519199818,79.7,0.41405269761606023,0.8565152519199818
1384,49.0,Male,East,Secondary,Salaried,558902.47,2022-04-11,0.0,TXN10384,131457.57,Business,667.34,36.0,59.0,P005,13.99,Business Loan,Business Loan,11.75,400.0,2022,4,11,Monday,0.0,1,Medium,0,3.0,-0.3513287805398072,0.03450653755274262,0.008763838000000001,-0.2967843946977189,23.52066363206447,3.199516175630982,0.040781930497686414,4.849810680022929,-1.5756835497129518,0.23520663632064467,53.43333333333333,1.1041796631316283,0.23520663632064467
1385,47.0,Male,South,Secondary,Self-Employed,524702.65,2022-08-03,0.0,TXN10385,602917.58,Business,722.74,24.0,18.0,P005,5.58,Business Loan,Business Loan,11.75,400.0,2022,8,3,Wednesday,0.0,1,Medium,1,1.0,-0.38951972818630093,0.031620476793248954,0.04019450533333333,-0.3686796389914767,114.90652467640481,4.752784044502358,0.008627641996788907,10.719446099328305,0.4651478721799806,1.149065246764048,49.63333333333333,0.36265950302216254,1.149065246764048
1386,52.0,Female,West,Graduate,Unemployed,700079.72,2021-01-27,1.0,TXN10386,784336.81,Education,832.69,60.0,56.0,P004,15.86,Education Loan,Education Loan,9.25,600.0,2021,1,27,Wednesday,1.0,0,,1,3.0,-0.19367610974721347,0.04642022953586498,0.05228912066666667,0.0,112.03535648768688,4.727700659044266,0.008846789456615121,10.58467554947656,0.7884717007300699,1.1203535648768688,68.06666666666666,0.822722820763957,1.1203535648768688
1387,57.0,Female,East,Post-Graduate,Salaried,445300.52,2021-07-25,0.0,TXN10387,443227.57,Business,740.02,24.0,28.0,P006,6.38,Credit Builder Loan,Credit Loan,14.5,700.0,2021,7,25,Sunday,2.0,0,Low,1,2.0,-0.47818810684589896,0.02491987510548524,0.029548504666666666,-0.5355996851728522,99.53448291504353,4.610500782231649,0.009946835861731621,9.976696994248323,0.0764826417333112,0.9953448291504353,62.1,0.45088566827697263,0.9953448291504353
1388,33.0,Female,South,Graduate,Self-Employed,1296789.93,2022-05-06,1.0,TXN10388,1315117.45,Home,659.37,60.0,57.0,P003,12.4,Home Loan,Home Loan,8.5,500.0,2022,5,6,Friday,1.0,0,Very High,0,3.0,0.47267033272641085,0.09677552151898734,0.08767449666666666,1.2544108805405878,101.41329906841581,4.629016577887545,0.009764356866699153,10.07041702554645,1.4004962499892049,1.014132990684158,52.6,1.0836501901140685,1.014132990684158
1389,30.0,Female,North,Graduate,Salaried,700079.72,2022-08-14,0.0,TXN10389,790632.26,Home,592.76,36.0,52.0,P003,9.98,Home Loan,Home Loan,8.5,500.0,2022,8,14,Sunday,1.0,0,Medium,0,3.0,-0.19367610974721347,0.04642022953586498,0.05270881733333333,0.0,112.93460407623293,4.735624635341173,0.008776964716802862,10.627069402061554,0.7981707359039606,1.1293460407623293,49.266666666666666,1.0554803788903924,1.1293460407623293
1390,59.0,Female,South,Graduate,Salaried,696428.52,2020-08-01,0.0,TXN10390,502449.96,Home,784.55,12.0,32.0,P003,14.27,Home Loan,Home Loan,8.5,500.0,2020,8,1,Saturday,1.0,0,Medium,1,2.0,-0.19775340571096053,0.04611211139240507,0.033496664,-0.007675593496263012,72.14666625083073,4.292466552276277,0.013671163037982513,8.49391936922118,0.23627978882265374,0.7214666625083074,74.03333333333333,0.4322377307519136,0.7214666625083074
1391,47.0,Male,North,Graduate,Salaried,584489.16,2019-03-31,0.0,TXN10391,210589.18,Home,598.0,24.0,12.0,P003,7.27,Home Loan,Home Loan,8.5,500.0,2019,3,31,Sunday,1.0,1,Medium,0,0.0,-0.32275611734341997,0.03666575189873418,0.014039278666666667,-0.24299576866931702,36.029612593670684,3.611717932912131,0.027005413504405006,6.002467208879253,-0.912214578286902,0.36029612593670685,90.33333333333333,0.13284132841328414,0.36029612593670685
1392,36.0,Male,East,Secondary,Unemployed,762372.45,2021-02-01,0.0,TXN10392,608085.64,Home,818.42,60.0,48.0,P003,16.76,Home Loan,Home Loan,8.5,500.0,2021,2,1,Monday,0.0,1,High,1,3.0,-0.12411380239626334,0.051677,0.04053904266666667,0.13095247405030505,79.76227892285458,4.391510011506813,0.012382018107181151,8.930973010980079,0.47576676535413903,0.7976227892285458,67.9,0.706921944035346,0.7976227892285458
1393,34.0,Male,West,Graduate,Salaried,1102002.63,2020-08-03,0.0,TXN10393,1024890.63,Business,655.83,48.0,42.0,P006,18.52,Credit Builder Loan,Credit Loan,14.5,700.0,2020,8,3,Monday,1.0,1,Very High,0,2.0,0.25515130553556953,0.0803377746835443,0.068326042,0.8449268388461718,93.00255753473112,4.5433219897161665,0.01063800843536124,9.643783362080004,1.109016036561911,0.9300255753473112,73.96666666666667,0.5678233438485805,0.9300255753473112
1394,36.0,Female,West,Secondary,Salaried,434483.82,2019-08-24,0.0,TXN10394,401816.4,Home,815.2,12.0,27.0,P003,7.78,Home Loan,Home Loan,8.5,500.0,2019,8,24,Saturday,0.0,0,Low,1,2.0,-0.49026711847250487,0.02400707341772152,0.02678776,-0.5583386729497555,92.48132646228345,4.537761699367624,0.010697323602949367,9.616721190836483,-0.04984185113417871,0.9248132646228345,85.46666666666667,0.3159126365054602,0.9248132646228345
1395,41.0,Female,East,Secondary,Salaried,487415.17,2025-05-24,0.0,TXN10395,339982.55,Home,737.71,36.0,10.0,P003,6.77,Home Loan,Home Loan,8.5,500.0,2025,5,24,Saturday,0.0,0,Low,1,0.0,-0.4311586665359673,0.02847385400843882,0.022665503333333333,-0.4470657966875879,69.75214784554203,4.259182894303422,0.014133846539656793,8.351775131404223,-0.26779576233060015,0.6975214784554202,15.466666666666667,0.646551724137931,0.6975214784554202
1396,43.0,Male,West,Graduate,Salaried,592310.52,2019-12-26,0.0,TXN10396,131422.84,Home,668.36,18.0,46.0,P003,7.47,Home Loan,Home Loan,8.5,500.0,2019,12,26,Thursday,1.0,1,Medium,0,3.0,-0.3140220026526298,0.03732578227848102,0.008761522666666667,-0.22655361815772293,22.18816576143203,3.1436420520387918,0.04312544641470784,4.7104315897199935,-1.5760640283182297,0.22188165761432027,81.33333333333333,0.5655737704918034,0.22188165761432027
1397,54.0,Male,West,Secondary,Salaried,333903.27,2024-03-30,0.0,TXN10397,180197.1,Home,635.85,6.0,57.0,P003,19.91,Home Loan,Home Loan,8.5,500.0,2024,3,30,Saturday,0.0,1,Low,0,3.0,-0.6025854441042056,0.015519263291139245,0.01201314,-0.769780230637794,53.96685692835532,4.0067304022927015,0.018192781175452984,7.346213781830428,-1.1283543035731682,0.5396685692835532,29.466666666666665,1.9343891402714932,0.5396685692835532
1398,43.0,Female,North,Graduate,Salaried,446075.63,2021-11-18,0.0,TXN10398,498179.47,Business,651.02,24.0,52.0,P006,13.98,Credit Builder Loan,Credit Loan,14.5,700.0,2021,11,18,Thursday,1.0,0,Low,0,3.0,-0.4773225413127975,0.024985285232067514,0.03321196466666666,-0.5339702402575124,111.68049462823153,4.724556332670454,0.00887465042906774,10.567899253315748,0.2254646293743797,1.1168049462823153,58.233333333333334,0.8929593589009731,1.1168049462823153
1399,40.0,Male,East,Graduate,Self-Employed,538700.01,2022-03-05,0.0,TXN10399,411389.77,Home,716.41,12.0,42.0,P003,12.94,Home Loan,Home Loan,8.5,500.0,2022,3,5,Saturday,1.0,1,Medium,1,2.0,-0.3738888727329937,0.03280168860759494,0.027425984666666667,-0.3392542321715673,76.36713613575021,4.348562092699216,0.012925384729833818,8.738829219967068,-0.01940965636085535,0.7636713613575021,54.666666666666664,0.7682926829268293,0.7636713613575021
1400,26.0,Female,South,Secondary,Salaried,1132286.57,2018-09-08,0.0,TXN10400,418026.74,Home,686.56,36.0,32.0,P003,6.8100000000000005,Home Loan,Home Loan,8.5,500.0,2018,9,8,Saturday,0.0,0,Very High,0,2.0,0.2889693889953528,0.08289338143459916,0.027868449333333333,0.908590076385946,36.91881110980588,3.6354473243058107,0.026372134851596073,6.076085179604206,0.001236227492242669,0.3691881110980588,97.13333333333334,0.32944406314344543,0.3691881110980588
1401,29.0,Female,North,Graduate,Salaried,808749.37,2022-03-25,0.0,TXN10401,349619.27,Business,629.53,18.0,42.0,P006,16.04,Credit Builder Loan,Credit Loan,14.5,700.0,2022,3,25,Friday,1.0,0,High,0,2.0,-0.07232468409898482,0.0555906641350211,0.023307951333333334,0.2284465542235946,43.22961883729196,3.7893946741015685,0.02260928369468234,6.574923485280415,-0.23109609067470968,0.43229618837291955,54.0,0.7777777777777778,0.43229618837291955
1402,18.0,Female,East,Secondary,Salaried,778644.65,2018-03-20,0.0,TXN10402,418032.02,Home,665.92,48.0,26.0,P003,19.76,Home Loan,Home Loan,8.5,500.0,2018,3,20,Tuesday,0.0,0,High,0,1.0,-0.10594263253942553,0.053050181434599164,0.027868801333333335,0.16516007497326,53.687137001455035,4.001628526408124,0.01828583566138036,7.327150674133502,0.0012525088731989047,0.5368713700145503,102.86666666666666,0.25275437459494493,0.5368713700145503
1403,18.0,Male,North,Post-Graduate,Self-Employed,1117751.34,2020-06-16,0.0,TXN10403,1218475.71,Home,686.68,6.0,25.0,P003,19.08,Home Loan,Home Loan,8.5,500.0,2020,6,16,Tuesday,2.0,1,Very High,0,1.0,0.2727378939769654,0.08166677974683545,0.081231714,0.8780339532333693,109.01133967774979,4.700583448458759,0.009089972024059024,10.440849566857564,1.3120090337230639,1.0901133967774979,75.56666666666666,0.3308337009263344,1.0901133967774979
1404,51.0,Female,South,Graduate,Self-Employed,649060.45,2020-02-20,0.0,TXN10404,551562.61,Home,499.06,18.0,11.0,P003,15.64,Home Loan,Home Loan,8.5,500.0,2020,2,20,Thursday,1.0,0,Medium,0,0.0,-0.25064934146399825,0.042114805907172995,0.036770840666666665,-0.10725328029034063,84.9786194798959,4.45409865464586,0.011630798517692258,9.218384862864855,0.3538707390516899,0.849786194798959,79.46666666666667,0.13842281879194632,0.849786194798959
1405,49.0,Female,South,Post-Graduate,Salaried,867691.3,2018-08-14,0.0,TXN10405,418026.74,Education,718.94,12.0,23.0,P004,6.28,Education Loan,Education Loan,9.25,600.0,2018,8,14,Tuesday,2.0,0,High,1,1.0,-0.006504215955781055,0.06056466666666667,0.027868449333333333,0.35235493901905796,48.1768965529561,3.895423930952997,0.020334752090814652,6.940957898803025,0.001236227492242669,0.481768965529561,97.96666666666667,0.23477373256209594,0.481768965529561
1406,42.0,Female,East,Graduate,Self-Employed,700079.72,2020-12-10,1.0,TXN10406,414718.35,Business,596.72,12.0,34.0,P006,6.91,Credit Builder Loan,Credit Loan,14.5,700.0,2020,12,10,Thursday,1.0,0,,0,2.0,-0.19367610974721347,0.04642022953586498,0.027647889999999998,0.0,59.23873212610701,4.09831553622677,0.01660061499811361,7.6966701973065605,-0.009010057404007251,0.5923873212610701,69.66666666666667,0.4880382775119617,0.5923873212610701
1407,57.0,Female,South,Secondary,Salaried,809996.26,2021-04-24,1.0,TXN10407,418026.74,Business,581.97,6.0,57.0,P006,5.84,Credit Builder Loan,Credit Loan,14.5,700.0,2021,4,24,Saturday,0.0,0,High,0,3.0,-0.07093228172052385,0.055695886919831225,0.027868449333333333,0.23106778033406666,51.60847779716909,3.9628772816075166,0.019008343177224774,7.183904077670378,0.001236227492242669,0.5160847779716908,65.16666666666667,0.8746803069053708,0.5160847779716908
1408,18.0,Female,North,Graduate,Salaried,508041.47,2020-11-23,1.0,TXN10408,208704.85,Home,536.58,12.0,52.0,P003,9.38,Home Loan,Home Loan,8.5,500.0,2020,11,23,Monday,1.0,0,Medium,0,3.0,-0.40812527210755,0.030214470042194096,0.013913656666666666,-0.40370495802304696,41.08027834814351,3.7395791831448277,0.023764101361846573,6.409389857712161,-0.9245917250119077,0.4108027834814351,70.23333333333333,0.7403891789273849,0.4108027834814351
1409,33.0,Female,South,Post-Graduate,Salaried,183044.79,2020-03-13,0.0,TXN10409,163044.2,Business,527.52,24.0,40.0,P006,7.31,Credit Builder Loan,Credit Loan,14.5,700.0,2020,3,13,Friday,2.0,0,Low,0,2.0,-0.7710491468871333,0.002788589873417723,0.010869613333333333,-1.0869166153727134,89.07339017952928,4.500624784473666,0.011102057977465437,9.437870002258416,-1.2687814113857534,0.8907339017952929,78.73333333333333,0.5080440304826418,0.8907339017952929
1410,56.0,Male,North,Graduate,Salaried,700079.72,2020-01-12,0.0,TXN10410,389436.98,Home,564.79,18.0,23.0,P003,9.42,Home Loan,Home Loan,8.5,500.0,2020,1,12,Sunday,1.0,1,,0,1.0,-0.19367610974721347,0.04642022953586498,0.025962465333333334,0.0,55.62751910596696,4.036495070336253,0.017659258533447353,7.458385824423872,-0.09039354059247146,0.5562751910596696,80.76666666666667,0.28477094510936857,0.5562751910596696
1411,22.0,Female,North,Post-Graduate,Salaried,1530870.5,2023-12-19,0.0,TXN10411,940984.45,Home,619.73,24.0,29.0,P003,11.55,Home Loan,Home Loan,8.5,500.0,2023,12,19,Tuesday,2.0,0,Very High,0,2.0,0.7340681644673798,0.11652915611814348,0.06273229666666666,1.7464976741135396,61.4672795641434,4.134642892680556,0.016008380819164184,7.840107114328439,1.0075555327100227,0.6146727956414341,32.86666666666667,0.8823529411764706,0.6146727956414341
1412,39.0,Female,South,Post-Graduate,Unemployed,1165026.14,2025-05-03,0.0,TXN10412,969055.28,Home,846.03,24.0,31.0,P003,21.03,Home Loan,Home Loan,8.5,500.0,2025,5,3,Saturday,2.0,0,Very High,1,2.0,0.3255296750974057,0.08565621434599156,0.06460368533333334,0.977415566789772,83.178844381981,4.432943635307842,0.011879469329161476,9.120243658037925,1.0425663588459257,0.83178844381981,16.166666666666668,1.9175257731958761,0.83178844381981
1413,41.0,Male,East,Secondary,Self-Employed,1190405.1,2025-11-25,1.0,TXN10413,1348841.66,Home,635.3,48.0,7.0,P003,15.38,Home Loan,Home Loan,8.5,500.0,2025,11,25,Tuesday,0.0,1,Very High,0,0.0,0.3538703661502378,0.08779789873417723,0.08992277733333333,1.0307675004877133,113.30946582806136,4.73890938301532,0.008748181900387415,10.644691908555238,1.429708566116697,1.1330946582806136,9.3,0.7526881720430108,1.1330946582806136
1414,20.0,Female,West,Secondary,Self-Employed,1381537.42,2025-09-07,1.0,TXN10414,300079.13,Education,695.11,48.0,40.0,P004,19.19,Education Loan,Education Loan,9.25,600.0,2025,9,7,Sunday,0.0,0,Very High,0,2.0,0.5673078762503754,0.10392720843881857,0.020005275333333333,1.4325680023275682,21.72066609676052,3.1232749110623046,0.04401279415582708,4.660543540914571,-0.4329284036306034,0.21720666096760521,11.933333333333334,3.35195530726257,0.21720666096760521
1415,29.0,Female,South,Graduate,Salaried,734979.06,2019-12-05,1.0,TXN10415,746724.32,Education,714.04,24.0,33.0,P004,17.08,Education Loan,Education Loan,9.25,600.0,2019,12,5,Thursday,1.0,0,High,1,2.0,-0.1547040079397423,0.04936532151898735,0.04978162133333333,0.07336578306525954,101.59804008565902,4.630818830075258,0.009746774881519187,10.079585313179258,0.7286875219961934,1.0159804008565902,82.03333333333333,0.40227549776513616,1.0159804008565902
1416,43.0,Female,North,Graduate,Salaried,780241.88,2024-12-19,0.0,TXN10416,356572.31,Business,682.55,18.0,21.0,P006,6.91,Credit Builder Loan,Credit Loan,14.5,700.0,2024,12,19,Thursday,1.0,0,High,0,1.0,-0.1041590053943292,0.053184968776371314,0.023771487333333334,0.1685177897519728,45.70022696038823,3.843749024628529,0.021413172163985705,6.760194299011547,-0.20529850308998088,0.4570022696038823,20.666666666666668,1.0161290322580645,0.4570022696038823
1417,33.0,Male,North,Post-Graduate,Self-Employed,498384.46,2021-11-27,0.0,TXN10417,307062.36,Education,673.42,12.0,2.0,P004,17.51,Education Loan,Education Loan,9.25,600.0,2021,11,27,Saturday,2.0,1,Low,0,0.0,-0.4189092576177563,0.029399532489451485,0.020470824,-0.4240060325052302,61.611543827028626,4.1369496672878885,0.015971495652025634,7.849302123566695,-0.4023524037449095,0.6161154382702863,57.93333333333333,0.03452243958573073,0.6161154382702863
1418,54.0,Male,South,Post-Graduate,Salaried,588301.91,2024-06-28,1.0,TXN10418,101781.52,Education,578.4,60.0,18.0,P004,9.68,Education Loan,Education Loan,9.25,600.0,2024,6,28,Friday,2.0,1,Medium,0,1.0,-0.318498418453801,0.03698750295358651,0.006785434666666667,-0.23498056295533884,17.300899125076782,2.9069501911582694,0.05464212403803436,4.159434952619981,-1.9486509739622595,0.17300899125076782,26.466666666666665,0.6801007556675064,0.17300899125076782
1419,39.0,Other,East,Graduate,Salaried,982160.24,2019-09-07,0.0,TXN10419,418026.74,Home,803.33,6.0,47.0,P003,15.86,Home Loan,Home Loan,8.5,500.0,2019,9,7,Saturday,1.0,2,High,1,3.0,0.1213232783026576,0.07022449282700423,0.027868449333333333,0.5929928255736514,42.56196931775613,3.7741845063577286,0.022955803322518613,6.5239535036476255,0.001236227492242669,0.4256196931775613,85.0,0.5529411764705883,0.4256196931775613
1420,46.0,Female,East,Secondary,Salaried,1357251.23,2018-11-25,1.0,TXN10420,919894.4,Home,833.61,18.0,33.0,P003,10.8,Home Loan,Home Loan,8.5,500.0,2018,11,25,Sunday,0.0,0,Very High,1,2.0,0.5401874817330126,0.10187774092827005,0.06132629333333334,1.3815133019515249,67.77628044588326,4.230858924534576,0.014539896509623718,8.232635085188901,0.9804898931261882,0.6777628044588326,94.53333333333333,0.34908321579689705,0.6777628044588326
1421,31.0,Male,North,Graduate,Self-Employed,648320.31,2021-10-27,0.0,TXN10421,418026.74,Education,536.97,18.0,37.0,P004,21.96,Education Loan,Education Loan,9.25,600.0,2021,10,27,Wednesday,1.0,1,Medium,0,2.0,-0.25147585598925226,0.042052346835443045,0.027868449333333333,-0.10880921088037224,64.47842733786945,4.181720734772077,0.015272205528700138,8.029846034505857,0.001236227492242669,0.6447842733786945,58.96666666666667,0.6274731486715658,0.6447842733786945
1422,45.0,Female,North,Secondary,Salaried,546468.27,2022-01-23,0.0,TXN10422,418026.74,Home,592.96,18.0,34.0,P003,9.48,Home Loan,Home Loan,8.5,500.0,2022,1,23,Sunday,0.0,0,Medium,0,2.0,-0.36521405482563774,0.03345723797468355,0.027868449333333333,-0.32292370907415247,76.49606810657093,4.350227200963521,0.012903880473327,8.746203067993044,0.001236227492242669,0.7649606810657094,56.03333333333333,0.6067816775728733,0.7649606810657094
1423,22.0,Female,East,Post-Graduate,Salaried,700203.29,2018-05-13,0.0,TXN10423,786654.71,Business,656.22,12.0,20.0,P005,9.75,Business Loan,Business Loan,11.75,400.0,2018,5,13,Sunday,2.0,0,High,0,1.0,-0.1935381190969504,0.046430657383966255,0.05244364733333333,0.00025977023672593474,112.346617223121,4.730450532865693,0.008822495320098668,10.599368718141708,0.7920526440851572,1.12346617223121,101.06666666666666,0.1978891820580475,1.12346617223121
1424,47.0,Female,West,Graduate,Self-Employed,974324.15,2020-04-14,1.0,TXN10424,253970.14,Home,598.01,36.0,35.0,P003,20.82,Home Loan,Home Loan,8.5,500.0,2020,4,14,Tuesday,1.0,0,High,0,2.0,0.11257271461714076,0.06956321940928271,0.01693134266666667,0.5765197094912314,26.066288103399675,3.298288972074115,0.03694632955135043,5.105515459128458,-0.656691083645882,0.26066288103399676,77.66666666666667,0.4506437768240343,0.26066288103399676
1425,22.0,Female,South,Graduate,Salaried,316385.11,2025-05-22,0.0,TXN10425,418026.74,Home,723.01,12.0,51.0,P003,5.42,Home Loan,Home Loan,8.5,500.0,2025,5,22,Thursday,1.0,0,Low,1,3.0,-0.622147977808269,0.014040937552742617,0.027868449333333333,-0.8066071026148144,132.12592084374643,4.89129545357589,0.007511685129853319,11.494603988121836,0.001236227492242669,1.3212592084374641,15.533333333333333,3.2832618025751072,1.3212592084374641
1426,29.0,Male,North,Secondary,Salaried,197982.93,2018-05-01,1.0,TXN10426,114860.71,Home,618.1,36.0,50.0,P003,16.84,Home Loan,Home Loan,8.5,500.0,2018,5,1,Tuesday,0.0,1,Low,0,3.0,-0.7543677221698104,0.00404919240506329,0.007657380666666667,-1.0555134903096473,58.015461231935504,4.077799464353931,0.016944712099595725,7.616788117831263,-1.7712857512008067,0.5801546123193551,101.46666666666667,0.49277266754270693,0.5801546123193551
1427,33.0,Male,North,Graduate,Salaried,517125.23,2025-04-07,0.0,TXN10427,433315.98,Home,850.0,12.0,54.0,P003,17.33,Home Loan,Home Loan,8.5,500.0,2025,4,7,Monday,1.0,1,Medium,1,3.0,-0.3979814350173748,0.03098103206751055,0.028887732,-0.3846089761054267,83.79323901871892,4.440215811066524,0.011793393100353678,9.153864703977163,0.04746115256577296,0.8379323901871892,17.033333333333335,3.170254403131115,0.8379323901871892
1428,43.0,Male,East,Graduate,Salaried,357697.8,2022-01-15,0.0,TXN10428,151395.03,Home,682.55,6.0,18.0,P003,19.22,Home Loan,Home Loan,8.5,500.0,2022,1,15,Saturday,1.0,1,Low,0,1.0,-0.5760140864332317,0.017527240506329117,0.010093002,-0.7197591034153364,42.32484236693656,3.768726197209282,0.023081445779550073,6.505754557846196,-1.3737179274026419,0.4232484236693656,56.3,0.3197158081705151,0.4232484236693656
1429,43.0,Female,South,Graduate,Self-Employed,529325.33,2020-08-22,0.0,TXN10429,168043.26,Education,698.07,48.0,46.0,P004,21.57,Education Loan,Education Loan,9.25,600.0,2020,8,22,Saturday,1.0,0,Medium,0,3.0,-0.38435758026077116,0.03201057637130802,0.011202884,-0.35896178936852946,31.746687807288577,3.4888018213113954,0.030537439569000485,5.634419917550393,-1.226243191311598,0.31746687807288576,73.33333333333333,0.6272727272727273,0.31746687807288576
1430,38.0,Male,East,Secondary,Salaried,645355.39,2018-05-09,0.0,TXN10430,205536.49,Home,767.29,12.0,24.0,P003,21.59,Home Loan,Home Loan,8.5,500.0,2018,5,9,Wednesday,0.0,1,Medium,1,1.0,-0.2547867829033718,0.04180214261603376,0.013702432666666667,-0.1150420988812872,31.848574163144434,3.491908339518129,0.030442721654627667,5.643454098612342,-0.9456815809370608,0.31848574163144433,101.2,0.23715415019762845,0.31848574163144433
1431,56.0,Male,South,Graduate,Salaried,545549.59,2022-05-18,0.0,TXN10431,122212.13,Education,774.0,48.0,8.0,P004,6.11,Education Loan,Education Loan,9.25,600.0,2022,5,18,Wednesday,1.0,1,Medium,1,0.0,-0.3662399450140622,0.03337971223628692,0.008147475333333334,-0.3248549684500145,22.401653715842773,3.152806691483747,0.042732022793885126,4.73303852887791,-1.6810605807187542,0.22401653715842773,52.2,0.1532567049808429,0.22401653715842773
1432,53.0,Male,South,Post-Graduate,Self-Employed,1556099.24,2023-09-08,0.0,TXN10432,536743.82,Home,632.06,24.0,30.0,P003,18.97,Home Loan,Home Loan,8.5,500.0,2023,9,8,Friday,2.0,1,Very High,0,2.0,0.7622411048082062,0.11865816371308018,0.03578292133333333,1.7995338136465462,34.49290419292281,3.5693327946128246,0.028174645685922692,5.873065995961803,0.3196391848923618,0.3449290419292281,36.266666666666666,0.8272058823529412,0.3449290419292281
1433,50.0,Female,South,Secondary,Self-Employed,700079.72,2025-08-01,1.0,TXN10433,709984.64,Home,610.62,6.0,44.0,P003,15.99,Home Loan,Home Loan,8.5,500.0,2025,8,1,Friday,0.0,0,,0,2.0,-0.19367610974721347,0.04642022953586498,0.047332309333333336,0.0,101.41482744279466,4.62903150136905,0.00976421114958735,10.070492909624367,0.6670161091734998,1.0141482744279466,13.166666666666666,3.3417721518987342,1.0141482744279466
1434,47.0,Female,North,Secondary,Self-Employed,825790.6,2022-03-28,0.0,TXN10434,888365.0,Home,686.64,60.0,53.0,P003,16.0,Home Loan,Home Loan,8.5,500.0,2022,3,28,Monday,0.0,0,High,0,3.0,-0.053294738246583886,0.05702874261603376,0.05922433333333333,0.264270818617855,107.5775142027531,4.687464334521679,0.009210010077525277,10.37195806985128,0.9387323225432621,1.075775142027531,53.9,0.9833024118738405,1.075775142027531
1435,41.0,Male,West,Secondary,Salaried,985643.04,2018-11-29,1.0,TXN10435,990405.64,Business,753.24,12.0,10.0,P006,7.18,Credit Builder Loan,Credit Loan,14.5,700.0,2018,11,29,Thursday,0.0,1,High,1,0.0,0.12521252194379986,0.07051840000000001,0.06602704266666667,0.6003144067055494,100.48319724349699,4.619893240378811,0.009853847998113596,10.02413074752604,1.068459224825624,1.00483197243497,94.4,0.1059322033898305,1.00483197243497
1436,40.0,Male,East,Graduate,Salaried,374174.45,2021-02-27,1.0,TXN10436,325303.9,Home,691.82,48.0,23.0,P003,16.05,Home Loan,Home Loan,8.5,500.0,2021,2,27,Saturday,1.0,1,Low,0,1.0,-0.5576146072096685,0.018917675105485234,0.02168692666666667,-0.6851217054146232,86.93910019778208,4.476644531698748,0.011371505937073723,9.324113909524169,-0.32594570341123213,0.8693910019778208,67.03333333333333,0.34311287916459476,0.8693910019778208
1437,27.0,Female,West,Graduate,Unemployed,1239659.24,2021-08-09,1.0,TXN10437,329691.66,Business,545.96,12.0,52.0,P005,21.7,Business Loan,Business Loan,11.75,400.0,2021,8,9,Monday,1.0,0,Very High,0,3.0,0.4088724767494477,0.09195436624472575,0.021979443999999997,1.1343101047405704,26.595345669347005,3.317647123334009,0.03623799505837693,5.157067545548245,-0.3082669823746699,0.26595345669347004,61.6,0.8441558441558441,0.26595345669347004
1438,22.0,Male,East,Graduate,Self-Employed,671430.14,2021-04-11,0.0,TXN10438,304592.15,Home,611.76,48.0,49.0,P003,20.5,Home Loan,Home Loan,8.5,500.0,2021,4,11,Sunday,1.0,1,Medium,0,3.0,-0.22566910298150633,0.04400254345991562,0.020306143333333335,-0.06022746765958297,45.3646823182528,3.8365380124709847,0.021568140877918213,6.735330898942738,-0.4130803065979001,0.45364682318252797,65.6,0.7469512195121952,0.45364682318252797
1439,53.0,Male,South,Secondary,Salaried,1012162.77,2021-11-30,1.0,TXN10439,481078.15,Business,673.71,6.0,11.0,P006,12.47,Credit Builder Loan,Credit Loan,14.5,700.0,2021,11,30,Tuesday,0.0,1,High,0,0.0,0.15482711114424447,0.07275635189873418,0.032071876666666665,0.6560644798624987,47.529721924073534,3.882176433420769,0.02060592891021579,6.894180293847379,0.18111334352610234,0.47529721924073537,57.833333333333336,0.19020172910662825,0.47529721924073537
1440,51.0,Male,North,Graduate,Salaried,388214.82,2018-12-22,0.0,TXN10440,160121.07,Home,673.57,24.0,2.0,P003,5.68,Home Loan,Home Loan,8.5,500.0,2018,12,22,Saturday,1.0,1,Low,0,0.0,-0.5419357224784798,0.020102516455696204,0.010674738000000001,-0.6556058824914398,41.2454810457777,3.743497390586436,0.023671170862426403,6.422264479587998,-1.2943225031192123,0.412454810457777,93.63333333333334,0.021359914560341756,0.412454810457777
1441,48.0,Male,West,Graduate,Salaried,297827.07,2018-05-19,0.0,TXN10441,418026.74,Education,847.67,36.0,58.0,P004,11.16,Education Loan,Education Loan,9.25,600.0,2018,5,19,Saturday,1.0,1,Low,1,3.0,-0.6428717457714203,0.012474858227848102,0.027868449333333333,-0.8456200219639025,140.35888007090827,4.9513019054482825,0.007074193000810287,11.84731531068994,0.001236227492242669,1.4035888007090827,100.86666666666666,0.575016523463318,1.4035888007090827
1442,27.0,Male,North,Graduate,Unemployed,1097642.14,2022-03-07,1.0,TXN10442,781885.08,Education,562.19,60.0,26.0,P004,19.05,Education Loan,Education Loan,9.25,600.0,2022,3,7,Monday,1.0,1,Very High,0,1.0,0.2502819452493733,0.07996980084388186,0.052125672,0.8357601679750828,71.23315072433353,4.279899091827633,0.013844058994689889,8.439973384101014,0.7846713613555617,0.7123315072433353,54.6,0.47619047619047616,0.7123315072433353
1443,36.0,Female,East,Post-Graduate,Salaried,861009.53,2021-04-12,0.0,TXN10443,451797.77,Business,722.98,48.0,36.0,P006,16.93,Credit Builder Loan,Credit Loan,14.5,700.0,2021,4,12,Monday,2.0,0,High,1,2.0,-0.01396575020525703,0.06000080421940929,0.030119851333333336,0.3383084473572684,52.47302779563891,3.9791773734213858,0.018701016965445835,7.243826875046015,0.10100895061317197,0.5247302779563892,65.56666666666666,0.5490594814438231,0.5247302779563892
1444,49.0,Male,North,Secondary,Salaried,426218.44,2018-01-29,0.0,TXN10444,222263.8,Home,806.57,36.0,33.0,P003,12.81,Home Loan,Home Loan,8.5,500.0,2018,1,29,Monday,0.0,1,Low,1,2.0,-0.49949707040963137,0.023309572995780597,0.014817586666666665,-0.5757142472738525,52.14786108268802,3.973077860943152,0.018815432636963305,7.2213475946452,-0.8381382603521523,0.5214786108268802,104.53333333333333,0.3156887755102041,0.5214786108268802
1445,18.0,Female,North,Graduate,Salaried,433878.98,2020-07-19,0.0,TXN10445,11000000.0,Home,850.0,48.0,47.0,P003,5.94,Home Loan,Home Loan,8.5,500.0,2020,7,19,Sunday,1.0,0,Low,1,3.0,-0.49094254345352834,0.023956032067510548,0.7333333333333333,-0.559610174365805,2535.2691665311836,7.838449448146929,0.000394279918391976,50.351456448956704,3.620624325178949,25.352691665311834,74.46666666666667,0.631154879140555,25.352691665311834
1446,22.0,Male,West,Graduate,Salaried,700079.72,2024-12-18,0.0,TXN10446,1272321.02,Home,645.63,12.0,13.0,P003,12.26,Home Loan,Home Loan,8.5,500.0,2024,12,18,Wednesday,1.0,1,,0,0.0,-0.19367610974721347,0.04642022953586498,0.08482140133333334,0.0,181.739448187415,5.208061357906372,0.00547227218818355,13.481077411965819,1.362220866856655,1.81739448187415,20.7,0.6280193236714976,1.81739448187415
1447,21.0,Female,South,Graduate,Self-Employed,363908.98,2020-10-10,0.0,TXN10447,172196.5,Business,721.77,18.0,40.0,P005,12.97,Business Loan,Business Loan,11.75,400.0,2020,10,10,Saturday,1.0,0,Low,1,2.0,-0.5690780601558142,0.01805139071729958,0.011479766666666667,-0.7067018913173633,47.31856300990429,3.877815814150908,0.02069597971684342,6.878848959666456,-1.1919435810362213,0.4731856300990429,71.7,0.5578800557880056,0.4731856300990429
1448,33.0,Female,North,Graduate,Salaried,1727707.15,2025-05-26,0.0,TXN10448,1916852.84,Education,728.43,18.0,25.0,P004,20.79,Education Loan,Education Loan,9.25,600.0,2025,5,26,Monday,1.0,0,Very High,1,1.0,0.9538757013217029,0.13313984388185654,0.12779018933333333,2.160289882309809,110.94778649263563,4.718032570563766,0.008932735798807276,10.533175517982961,1.8279423676069921,1.1094778649263564,15.4,1.6233766233766234,1.1094778649263564
1449,41.0,Male,South,Graduate,Self-Employed,426553.98,2020-04-07,0.0,TXN10449,490731.49,Business,696.62,24.0,4.0,P006,15.9,Credit Builder Loan,Credit Loan,14.5,700.0,2020,4,7,Tuesday,1.0,1,Low,0,0.0,-0.4991223728067404,0.02333788860759494,0.03271543266666667,-0.575008871331221,115.04557758434231,4.7539830241472085,0.008617303828516831,10.725930150077536,0.20635704223175033,1.150455775843423,77.9,0.05134788189987163,1.150455775843423
1450,33.0,Female,East,Post-Graduate,Unemployed,994456.04,2018-12-17,0.0,TXN10450,490346.06,Home,671.6,24.0,42.0,P003,10.3,Home Loan,Home Loan,8.5,500.0,2018,12,17,Monday,2.0,0,High,0,2.0,0.13505400127347322,0.07126211308016879,0.03268973733333334,0.6188411939214145,49.30796739894103,3.9181634621553805,0.019877567146969442,7.021963215436338,0.2053595997271496,0.4930796739894103,93.8,0.44776119402985076,0.4930796739894103
1451,19.0,Male,North,Secondary,Salaried,584256.54,2025-02-14,1.0,TXN10451,305067.33,Home,717.06,24.0,19.0,P003,13.93,Home Loan,Home Loan,8.5,500.0,2025,2,14,Friday,0.0,1,Medium,1,1.0,-0.3230158841562724,0.03664612151898735,0.020337822000000002,-0.24348478503629245,52.21461962582396,3.9743331635923127,0.01879182839286369,7.225968421313779,-0.4110092539294934,0.5221461962582395,18.766666666666666,1.0124333925399644,0.5221461962582395
1452,45.0,Other,West,Secondary,Salaried,975386.13,2023-07-18,0.0,TXN10452,664155.89,Home,464.76,12.0,18.0,P003,6.12,Home Loan,Home Loan,8.5,500.0,2023,7,18,Tuesday,0.0,2,High,0,1.0,0.1137586279518198,0.06965283797468355,0.044277059333333334,0.5787522157305942,68.09158645715006,4.235432964419014,0.014473542312133627,8.251762627290612,0.58499364925748,0.6809158645715006,38.0,0.47368421052631576,0.6809158645715006
1453,49.0,Male,East,Graduate,Salaried,518955.24,2018-10-26,0.0,TXN10453,590662.84,Business,737.98,36.0,37.0,P005,21.53,Business Loan,Business Loan,11.75,400.0,2018,10,26,Friday,1.0,1,Medium,1,2.0,-0.39593786238738554,0.031135463291139247,0.039377522666666664,-0.38076190860594805,113.81768493174864,4.743345521949118,0.008709459702087117,10.66853715050703,0.439564000911083,1.1381768493174864,95.53333333333333,0.3872993719469644,1.1381768493174864
1454,44.0,Male,East,Graduate,Self-Employed,640048.68,2022-10-10,1.0,TXN10454,684938.75,Education,690.73,12.0,30.0,P004,11.12,Education Loan,Education Loan,9.25,600.0,2022,10,10,Monday,1.0,1,Medium,0,2.0,-0.26071278730296,0.04135431898734178,0.04566258333333333,-0.12619792402440566,107.01353997011603,4.682256589359713,0.009258098570574289,10.344734891243759,0.6229345723894834,1.0701353997011602,47.36666666666667,0.633356790992259,1.0701353997011602
1455,37.0,Male,West,Secondary,Salaried,715932.49,2023-02-09,0.0,TXN10455,184493.2,Business,661.09,18.0,19.0,P006,13.12,Credit Builder Loan,Credit Loan,14.5,700.0,2023,2,9,Thursday,0.0,1,High,0,1.0,-0.1759733174774908,0.04775801603375528,0.012299546666666668,0.03332587048360952,25.769636463907375,3.2872682774590056,0.03735575570285638,5.076380252099657,-1.0954728301805627,0.25769636463907375,43.3,0.43879907621247116,0.25769636463907375
1456,41.0,Other,North,Secondary,Salaried,403379.27,2021-04-30,0.0,TXN10456,226847.3,Home,850.0,24.0,58.0,P003,11.04,Home Loan,Home Loan,8.5,500.0,2021,4,30,Friday,0.0,2,Low,1,3.0,-0.5250015773269008,0.02138221687763714,0.015123153333333332,-0.6237270060140057,56.236727286456734,4.047195777764665,0.017471299415761993,7.499115100227275,-0.8102138313639956,0.5623672728645673,64.96666666666667,0.8927655207798871,0.5623672728645673
1457,29.0,Female,North,Secondary,Self-Employed,1052089.77,2022-08-23,1.0,TXN10457,769119.44,Education,622.63,36.0,23.0,P004,16.6,Education Loan,Education Loan,9.25,600.0,2022,8,23,Tuesday,0.0,0,Very High,0,1.0,0.19941360214570464,0.07612571898734177,0.05127462933333333,0.7399994660383579,73.10397476823674,4.305469171460423,0.01349455279730327,8.55008624332157,0.7646704752827133,0.7310397476823673,48.96666666666667,0.4697072838665759,0.7310397476823673
1458,41.0,Female,East,Post-Graduate,Salaried,527850.38,2023-10-13,0.0,TXN10458,358035.16,Education,645.74,36.0,59.0,P004,16.26,Education Loan,Education Loan,9.25,600.0,2023,10,13,Friday,2.0,0,Medium,0,3.0,-0.38600465729893085,0.03188610801687764,0.023869010666666666,-0.36206244576295127,67.82891015442671,4.23162386241054,0.014528778644850958,8.235830872135896,-0.19994113706998068,0.6782891015442671,35.1,1.6809116809116809,0.6782891015442671
1459,50.0,Male,North,Secondary,Unemployed,700079.72,2020-01-25,1.0,TXN10459,218249.22,Home,849.28,36.0,54.0,P003,17.16,Home Loan,Home Loan,8.5,500.0,2020,1,25,Saturday,0.0,1,,1,3.0,-0.19367610974721347,0.04642022953586498,0.014549948,0.0,31.174909623149777,3.4711869445629313,0.03108011838145156,5.583449616782601,-0.863119970163123,0.31174909623149777,80.33333333333333,0.6721991701244814,0.31174909623149777
1460,50.0,Female,South,Graduate,Salaried,405121.97,2020-02-09,0.0,TXN10460,418026.74,Business,609.27,12.0,16.0,P006,9.56,Credit Builder Loan,Credit Loan,14.5,700.0,2020,2,9,Sunday,1.0,0,Low,0,1.0,-0.5230555037960009,0.021529280168776373,0.027868449333333333,-0.6200634825735102,103.18540364522812,4.646172039326969,0.009598273510608046,10.15802164032092,0.001236227492242669,1.0318540364522812,79.83333333333333,0.20041753653444677,1.0318540364522812
1461,60.0,Male,West,Secondary,Salaried,171022.79,2021-05-23,0.0,TXN10461,147214.33,Business,633.24,24.0,1.0,P005,10.37,Business Loan,Business Loan,11.75,400.0,2021,5,23,Sunday,0.0,1,Low,0,0.0,-0.784474117328678,0.0017740751054852334,0.009814288666666665,-1.1121893982967044,86.07877932525834,4.466813218413919,0.01148385413471152,9.277865019780053,-1.4135529633138768,0.8607877932525834,64.2,0.01557632398753894,0.8607877932525834
1462,54.0,Female,South,Graduate,Self-Employed,630186.03,2020-04-13,0.0,TXN10462,648967.97,Business,667.5,12.0,12.0,P006,7.13,Credit Builder Loan,Credit Loan,14.5,700.0,2020,4,13,Monday,1.0,0,Medium,0,0.0,-0.27172641105319295,0.04052202784810127,0.04326453133333333,-0.14693129721566323,102.98038025374822,4.644202229938191,0.009617198913483994,10.147924923537236,0.5564346034630183,1.0298038025374823,77.7,0.15444015444015444,1.0298038025374823
1463,29.0,Male,North,Secondary,Self-Employed,2638639.75,2024-01-23,0.0,TXN10463,2775064.0,Education,751.46,24.0,24.0,P004,16.14,Education Loan,Education Loan,9.25,600.0,2024,1,23,Tuesday,0.0,1,Very High,1,1.0,1.9711143662060344,0.21001179324894514,0.18500426666666667,4.07526258719972,105.1702491785777,4.665043930000007,0.009418834445024294,10.25525471056559,2.2329717656784056,1.0517024917857771,31.7,0.7570977917981073,1.0517024917857771
1464,20.0,Male,East,Graduate,Salaried,1077730.47,2023-03-22,0.0,TXN10464,1008511.77,Home,900.0,24.0,34.0,P003,5.68,Home Loan,Home Loan,8.5,500.0,2023,3,22,Wednesday,1.0,1,Very High,1,2.0,0.22804657832275618,0.07828949113924051,0.067234118,0.7939016324931216,93.5773644777808,4.549418171293336,0.010573354475688856,9.673539397644525,1.0899428490067995,0.935773644777808,41.93333333333333,0.8108108108108109,0.935773644777808
1465,18.0,Male,West,Secondary,Self-Employed,692623.89,2022-04-14,1.0,TXN10465,423311.73,Home,570.13,6.0,53.0,P003,15.16,Home Loan,Home Loan,8.5,500.0,2022,4,14,Thursday,0.0,1,Medium,0,3.0,-0.20200203699452518,0.045791045569620256,0.028220782,-0.01567372925537989,61.11711364735051,4.129021533056605,0.016098623089237072,7.817743513786476,0.01742121767966579,0.6111711364735051,53.333333333333336,0.9937499999999999,0.6111711364735051
1466,41.0,Male,North,Post-Graduate,Unemployed,605763.94,2021-05-03,0.0,TXN10466,479204.16,Business,634.77,18.0,57.0,P005,19.78,Business Loan,Business Loan,11.75,400.0,2021,5,3,Monday,2.0,1,Medium,0,3.0,-0.2989985651349385,0.038461091983122364,0.031946944,-0.19827168809240317,79.10740939779282,4.383368351641385,0.012483239784153508,8.894234615625608,0.17614850483726757,0.7910740939779282,64.86666666666666,0.8787255909558068,0.7910740939779282
1467,57.0,Female,North,Secondary,Salaried,708703.03,2019-05-21,1.0,TXN10467,225639.48,Home,628.37,60.0,8.0,P003,20.14,Home Loan,Home Loan,8.5,500.0,2019,5,21,Tuesday,0.0,0,High,0,0.0,-0.18404645728853128,0.04714793502109706,0.015042632,0.018128018775268696,31.83836818081616,3.4915975933623113,0.030452183083329632,5.642549794269977,-0.8175119312915896,0.3183836818081616,88.63333333333334,0.09025949605114704,0.3183836818081616
1468,27.0,Male,East,Graduate,Unemployed,945766.63,2021-09-19,0.0,TXN10468,810831.92,Education,1000.0,60.0,18.0,P004,12.63,Education Loan,Education Loan,9.25,600.0,2021,9,19,Sunday,1.0,1,High,1,1.0,0.08068252480813885,0.06715330210970465,0.05405546133333334,0.5164857713937829,85.73276898128664,4.462831770639933,0.011529667641716349,9.259199154424028,0.8287291617513886,0.8573276898128664,60.233333333333334,0.29883785279468733,0.8573276898128664
1469,60.0,Female,East,Post-Graduate,Salaried,365634.17,2025-10-11,0.0,TXN10469,123663.3,Education,716.2,18.0,57.0,P004,12.81,Education Loan,Education Loan,9.25,600.0,2025,10,11,Saturday,2.0,0,Low,1,3.0,-0.5671515400463442,0.018196976371308016,0.00824422,-0.7030751775948013,33.82159276853145,3.550237676215506,0.028717813301857572,5.815633479555899,-1.6639536506294976,0.33821592768531455,10.8,5.277777777777778,0.33821592768531455
1470,41.0,Male,South,Graduate,Salaried,1292013.67,2025-11-20,0.0,TXN10470,1135224.03,Education,715.55,6.0,48.0,P004,6.31,Education Loan,Education Loan,9.25,600.0,2025,11,20,Thursday,1.0,1,Very High,1,3.0,0.4673366819760255,0.09637246160337552,0.075681602,1.244370173323108,87.86470734477602,4.4871150709502,0.011253061309482676,9.373617623136546,1.2293820292292268,0.8786470734477602,9.466666666666667,5.070422535211268,0.8786470734477602
1471,30.0,Female,West,Graduate,Salaried,1037469.71,2021-12-31,1.0,TXN10471,405731.65,Business,529.04,12.0,5.0,P006,16.4,Credit Builder Loan,Credit Loan,14.5,700.0,2021,12,31,Friday,1.0,0,Very High,0,0.0,0.18308737744485534,0.07489195864978904,0.02704877666666667,0.7092650123105487,39.107806819728744,3.6915709991478542,0.024932801848145614,6.253623495200902,-0.03730087609992332,0.39107806819728747,56.8,0.08802816901408451,0.39107806819728747
1472,29.0,Male,West,Graduate,Self-Employed,1039071.17,2025-12-15,1.0,TXN10472,284112.05,Home,770.43,24.0,26.0,P003,18.96,Home Loan,Home Loan,8.5,500.0,2025,12,15,Monday,1.0,1,Very High,1,1.0,0.18487572823202197,0.07502710295358651,0.018940803333333332,0.7126316194425947,27.342886435777057,3.344376079315285,0.035282221599621764,5.229042592652794,-0.5058722376743698,0.2734288643577706,8.633333333333333,3.011583011583012,0.2734288643577706
1473,48.0,Male,East,Graduate,Self-Employed,890908.73,2021-11-17,1.0,TXN10473,288252.38,Home,701.47,60.0,30.0,P003,9.16,Home Loan,Home Loan,8.5,500.0,2021,11,17,Wednesday,1.0,1,High,1,2.0,0.019422693999187467,0.06252394345991562,0.019216825333333333,0.4011628801638716,32.354872086616545,3.5072038512453125,0.029980627639739754,5.688134323890088,-0.4865340848550672,0.3235487208661655,58.266666666666666,0.5148741418764302,0.3235487208661655
1474,19.0,Female,South,Graduate,Salaried,707593.3,2025-10-24,1.0,TXN10474,107619.1,Home,797.69,12.0,54.0,P003,12.16,Home Loan,Home Loan,8.5,500.0,2025,10,24,Friday,1.0,0,High,1,3.0,-0.185285693060291,0.04705428691983123,0.007174606666666667,0.01579513195159212,15.209174535711403,2.7855774112992857,0.06169345624583411,3.8998941698091505,-1.8665740497837726,0.15209174535711403,10.366666666666667,5.209003215434083,0.15209174535711403
1475,52.0,Male,West,Post-Graduate,Salaried,1013488.9,2021-03-18,0.0,TXN10475,916879.69,Home,717.76,36.0,13.0,P003,19.26,Home Loan,Home Loan,8.5,500.0,2021,3,18,Thursday,2.0,1,Very High,1,0.0,0.15630800085075303,0.07286826160337553,0.06112531266666666,0.6588522851876519,90.4676597839404,4.515985464820818,0.010932825901112393,9.511448879321195,0.9765655261298113,0.904676597839404,66.4,0.19578313253012047,0.904676597839404
1476,40.0,Male,East,Graduate,Salaried,969303.83,2020-01-31,0.0,TXN10476,890810.67,Home,773.61,12.0,19.0,P003,19.91,Home Loan,Home Loan,8.5,500.0,2020,1,31,Friday,1.0,1,High,1,1.0,0.10696652200300864,0.06913956371308017,0.059387378000000005,0.5659659366107647,91.90210978532913,4.5315463558453315,0.010764018194104753,9.586558808317463,0.9420290497971731,0.9190210978532913,80.13333333333334,0.23710482529118135,0.9190210978532913
1477,34.0,Female,North,Graduate,Salaried,576144.18,2020-04-12,1.0,TXN10477,397931.27,Home,719.66,60.0,29.0,P003,9.13,Home Loan,Home Loan,8.5,500.0,2020,4,12,Sunday,1.0,0,Medium,1,2.0,-0.3320749586206851,0.0359615341772152,0.026528751333333333,-0.26053867900412353,69.0680013464685,4.249466218305997,0.014271849928403886,8.310716054977965,-0.062419405610653574,0.6906800134646851,77.73333333333333,0.3730703259005146,0.6906800134646851
1478,43.0,Female,West,Graduate,Self-Employed,510606.56,2021-11-29,0.0,TXN10478,163103.54,Business,794.43,24.0,3.0,P005,14.36,Business Loan,Business Loan,11.75,400.0,2021,11,29,Monday,1.0,0,Medium,1,0.0,-0.4052608354555867,0.03043093333333334,0.010873569333333334,-0.39831259712215694,31.94309528651571,3.494781687745754,0.030355374663573905,5.651822297853649,-1.2682681320760514,0.3194309528651571,57.86666666666667,0.05184331797235023,0.3194309528651571
1479,25.0,Male,South,Graduate,Self-Employed,740333.9,2018-10-10,0.0,TXN10479,176001.1,Business,724.39,36.0,26.0,P005,8.27,Business Loan,Business Loan,11.75,400.0,2018,10,10,Wednesday,1.0,1,High,1,1.0,-0.1487242567569773,0.04981720675105486,0.011733406666666666,0.08462278763294395,23.773205576564845,3.209762648796384,0.040366193099611945,4.875777433042329,-1.1613095181840405,0.23773205576564846,96.06666666666666,0.27064538514920194,0.23773205576564846
1480,46.0,Male,South,Secondary,Salaried,1640967.72,2019-01-14,0.0,TXN10480,279104.67,Home,671.68,18.0,40.0,P003,6.73,Home Loan,Home Loan,8.5,500.0,2019,1,14,Monday,0.0,1,Very High,0,2.0,0.857013757895781,0.12582006075949367,0.018606978,1.9779452819653827,17.00854115521541,2.890846153975627,0.05552920646825367,4.124141262761912,-0.5296768866532026,0.17008541155215412,92.86666666666666,0.43072505384063176,0.17008541155215412
1481,43.0,Female,South,Graduate,Unemployed,354097.2,2018-07-17,0.0,TXN10481,114740.09,Home,850.0,36.0,59.0,P003,20.49,Home Loan,Home Loan,8.5,500.0,2018,7,17,Tuesday,1.0,0,Low,1,3.0,-0.5800348773641771,0.017223392405063292,0.007649339333333333,-0.7273283250253947,32.40355755425347,3.508662407910887,0.029936931070165734,5.692412279012604,-1.772818445002083,0.32403557554253465,98.9,0.5965621840242669,0.32403557554253465
1482,27.0,Male,North,Post-Graduate,Salaried,312292.87,2019-07-10,0.0,TXN10482,338962.16,Business,755.57,12.0,58.0,P006,18.95,Credit Builder Loan,Credit Loan,14.5,700.0,2019,7,10,Wednesday,2.0,1,Low,1,3.0,-0.6267177832515984,0.013695600843881857,0.02259747733333333,-0.8152098553342347,108.5398331380412,4.6962882560573656,0.009129099171986213,10.418245204353813,-0.27174832163100365,1.085398331380412,86.96666666666667,0.6669221924108854,1.085398331380412
1483,43.0,Male,West,Secondary,Unemployed,766395.84,2018-12-22,1.0,TXN10483,309327.85,Home,728.77,12.0,58.0,P003,17.92,Home Loan,Home Loan,8.5,500.0,2018,12,22,Saturday,0.0,1,High,1,3.0,-0.1196208817653528,0.05201652658227848,0.020621856666666664,0.1394104895293065,40.36136861076908,3.7223473198550523,0.024177149683089413,6.353059783346059,-0.39259638742239183,0.4036136861076908,93.63333333333334,0.619437522249911,0.4036136861076908
1484,51.0,Male,West,Graduate,Self-Employed,719868.51,2022-04-13,0.0,TXN10484,375760.49,Home,571.51,60.0,12.0,P003,5.83,Home Loan,Home Loan,8.5,500.0,2022,4,13,Wednesday,1.0,1,High,0,0.0,-0.17157796294768468,0.04809016962025317,0.025050699333333332,0.0416002157709566,52.19848969362474,3.974030006727037,0.018797526128262233,7.224852226421294,-0.13686962674058883,0.5219848969362474,53.36666666666667,0.22485946283572766,0.5219848969362474
1485,58.0,Male,North,Secondary,Salaried,770021.36,2020-11-06,0.0,TXN10485,200677.39,Home,570.49,48.0,2.0,P003,19.34,Home Loan,Home Loan,8.5,500.0,2020,11,6,Friday,0.0,1,High,0,0.0,-0.11557226266410264,0.0523224776371308,0.013378492666666667,0.14703209824221514,26.061275754740105,3.2981037670393185,0.03695317283128598,5.105024559660816,-0.9787277429452392,0.26061275754740104,70.8,0.02824858757062147,0.26061275754740104
1486,24.0,Female,West,Graduate,Salaried,800514.46,2025-05-10,0.0,TXN10486,306980.78,Education,704.88,48.0,11.0,P004,12.45,Education Loan,Education Loan,9.25,600.0,2025,5,10,Saturday,1.0,0,High,1,0.0,-0.08152061017940247,0.05489573502109704,0.020465385333333336,0.21113503427445124,38.347936900477734,3.672443544022046,0.025414293067748076,6.192571105807161,-0.40270518641769537,0.3834793690047773,15.933333333333334,0.6903765690376569,0.3834793690047773
1487,21.0,Male,North,Secondary,Self-Employed,619132.37,2019-01-14,0.0,TXN10487,430412.03,Home,692.37,36.0,44.0,P003,10.82,Home Loan,Home Loan,8.5,500.0,2019,1,14,Monday,0.0,1,Medium,0,2.0,-0.28407003597174935,0.03958922953586498,0.028694135333333336,-0.1701684249561058,69.51857968595634,4.255876216741995,0.01418065996866849,8.33778026131394,0.0388203355244189,0.6951857968595634,92.86666666666666,0.47379755922469496,0.6951857968595634
1488,28.0,Male,North,Graduate,Salaried,1588436.1,2019-11-11,1.0,TXN10488,1251910.53,Business,627.8,36.0,28.0,P006,14.29,Credit Builder Loan,Credit Loan,14.5,700.0,2019,11,11,Monday,1.0,1,Very High,0,2.0,0.7983516845513745,0.12138701265822786,0.083460702,1.867512722582121,78.8140316126031,4.379699323743046,0.012529125265263435,8.877726714232823,1.343466618666034,0.7881403161260311,82.83333333333333,0.3380281690140845,0.7881403161260311
1489,46.0,Male,North,Graduate,Salaried,290203.72,2024-12-28,0.0,TXN10489,118292.82,Home,691.98,6.0,18.0,P003,6.55,Home Loan,Home Loan,8.5,500.0,2024,12,28,Saturday,1.0,1,Low,0,1.0,-0.6513847426451143,0.011831537552742613,0.007886188,-0.8616459136378009,40.761992988925165,3.7319866672661735,0.02394521737181435,6.384511961687061,-1.7283986725323606,0.40761992988925166,20.366666666666667,0.8837970540098199,0.40761992988925166
1490,53.0,Female,South,Graduate,Salaried,443814.63,2022-11-15,0.0,TXN10490,93475.69,Education,815.03,18.0,13.0,P004,17.86,Education Loan,Education Loan,9.25,600.0,2022,11,15,Tuesday,1.0,0,Low,1,0.0,-0.4798474005848265,0.024794483544303803,0.006231712666666667,-0.5387233397576907,21.06187666684174,3.093851081233393,0.04532705966500875,4.589322026927479,-2.0747815505898908,0.2106187666684174,46.166666666666664,0.2815884476534296,0.2106187666684174
1491,41.0,Male,West,Graduate,Salaried,661354.64,2020-06-17,0.0,TXN10491,370745.17,Home,739.11,18.0,37.0,P003,14.9,Home Loan,Home Loan,8.5,500.0,2020,6,17,Wednesday,1.0,1,Medium,1,2.0,-0.23692041638058997,0.04315229029535866,0.024716344666666664,-0.08140829650259321,56.05845148376066,4.044076207032255,0.017525887471457384,7.4872192090094885,-0.1543792295355438,0.5605845148376066,75.53333333333333,0.48984995586937335,0.5605845148376066
1492,38.0,Male,North,Graduate,Salaried,283532.42,2018-03-17,1.0,TXN10492,112254.33,Home,583.01,36.0,22.0,P003,8.17,Home Loan,Home Loan,8.5,500.0,2018,3,17,Saturday,1.0,1,Low,0,1.0,-0.6588345850429412,0.011268558649789028,0.0074836220000000005,-0.8756703951484329,39.59135607843364,3.7035551394682344,0.024635786941134104,6.292166246884585,-1.8048035569919119,0.3959135607843364,102.96666666666667,0.2136613790870832,0.3959135607843364
1493,53.0,Female,West,Post-Graduate,Self-Employed,635467.16,2018-08-19,0.0,TXN10493,241815.35,Education,670.52,18.0,12.0,P004,8.2,Education Loan,Education Loan,9.25,600.0,2018,8,19,Sunday,2.0,0,Medium,0,0.0,-0.26582897184607646,0.04096769282700423,0.016121023333333335,-0.13582924663478022,38.05316233808212,3.6649238547759166,0.025606120993302114,6.168724530896328,-0.7231521860978155,0.38053162338082114,97.8,0.12269938650306748,0.38053162338082114
1494,27.0,Male,South,Secondary,Self-Employed,1745661.64,2022-10-06,0.0,TXN10494,2021224.7,Business,611.58,12.0,2.0,P005,8.13,Business Loan,Business Loan,11.75,400.0,2022,10,6,Thursday,0.0,1,Very High,0,0.0,0.973925484847157,0.13465499071729956,0.13474831333333334,2.1980340120952824,115.78559405131914,4.7603397241855765,0.008562699947054853,10.760371464374227,1.8868665860800882,1.1578559405131914,47.5,0.042105263157894736,1.1578559405131914
1495,54.0,Female,North,Graduate,Salaried,708087.66,2020-08-19,0.0,TXN10495,564427.66,Business,647.05,24.0,37.0,P006,5.97,Credit Builder Loan,Credit Loan,14.5,700.0,2020,8,19,Wednesday,1.0,0,High,0,2.0,-0.1847336411232188,0.047096005063291146,0.03762851066666667,0.016834381075390467,79.71155153304042,4.390881706705475,0.012389800233125685,8.928132589351506,0.3827817524142796,0.7971155153304041,73.43333333333334,0.5038583749432591,0.7971155153304041
1496,26.0,Male,East,Secondary,Self-Employed,794700.91,2024-06-07,0.0,TXN10496,583884.53,Education,644.84,36.0,7.0,P004,14.99,Education Loan,Education Loan,9.25,600.0,2024,6,7,Friday,0.0,1,High,0,0.0,-0.08801260293522023,0.054405140084388195,0.03892563533333333,0.19891372441188554,73.47223624042408,4.310426388013799,0.013427822910696921,8.571594731461824,0.4251620641477799,0.7347223624042408,27.166666666666668,0.25766871165644173,0.7347223624042408
1497,41.0,Male,South,Post-Graduate,Salaried,350019.8,2025-08-05,0.0,TXN10497,205308.96,Business,639.4,24.0,26.0,P006,19.29,Credit Builder Loan,Credit Loan,14.5,700.0,2025,8,5,Tuesday,2.0,1,Low,0,1.0,-0.5845881109757521,0.01687930801687764,0.013687264,-0.7358998809307582,58.65638458167224,4.088601176876075,0.01676266517007841,7.658745627168475,-0.9472097984785427,0.5865638458167224,13.033333333333333,1.9948849104859334,0.5865638458167224
1498,52.0,Male,East,Post-Graduate,Self-Employed,498738.33,2024-03-12,1.0,TXN10498,299438.28,Business,573.31,12.0,26.0,P006,5.3,Credit Builder Loan,Credit Loan,14.5,700.0,2024,3,12,Tuesday,2.0,1,Low,0,1.0,-0.41851409089922786,0.029429394936708868,0.019962552,-0.42326212303148936,60.03915520188713,4.111515546806494,0.01638292660985392,7.7484937376168235,-0.4357733381104969,0.6003915520188713,30.066666666666666,0.8647450110864745,0.6003915520188713
1499,52.0,Female,West,Graduate,Self-Employed,569479.24,2023-10-18,1.0,TXN10499,408857.76,Business,669.15,12.0,24.0,P005,5.83,Business Loan,Business Loan,11.75,400.0,2023,10,18,Wednesday,1.0,0,Medium,0,1.0,-0.3395176988049032,0.03539909198312237,0.027257184,-0.27454979045158856,71.79502452099922,4.287647608375281,0.013737202598393651,8.473194469679026,-0.027382436283786754,0.7179502452099922,34.93333333333333,0.6870229007633588,0.7179502452099922
1500,53.0,Female,West,Post-Graduate,Salaried,587770.77,2019-01-28,1.0,TXN10500,517973.76,Home,632.35,12.0,12.0,P003,14.74,Home Loan,Home Loan,8.5,500.0,2019,1,28,Monday,2.0,0,Medium,0,0.0,-0.3190915426261785,0.036942681012658234,0.034531584000000004,-0.23609713140669875,88.1251308226845,4.4900413465895905,0.011220179883825492,9.387498645682166,0.274762637876995,0.8812513082268449,92.4,0.12987012987012986,0.8812513082268449
